EpochIndex,Subject,Session,TrialInFile,Class,Label,File
1,1,1,1,LH,0,B0101T.gdf
2,1,1,2,RH,1,B0101T.gdf
3,1,1,3,LH,0,B0101T.gdf
4,1,1,4,RH,1,B0101T.gdf
5,1,1,5,RH,1,B0101T.gdf
6,1,1,6,RH,1,B0101T.gdf
7,1,1,7,RH,1,B0101T.gdf
8,1,1,9,LH,0,B0101T.gdf
9,1,1,10,RH,1,B0101T.gdf
10,1,1,11,RH,1,B0101T.gdf
11,1,1,12,LH,0,B0101T.gdf
12,1,1,13,RH,1,B0101T.gdf
13,1,1,14,RH,1,B0101T.gdf
14,1,1,16,LH,0,B0101T.gdf
15,1,1,17,LH,0,B0101T.gdf
16,1,1,18,LH,0,B0101T.gdf
17,1,1,20,LH,0,B0101T.gdf
18,1,1,21,LH,0,B0101T.gdf
19,1,1,22,LH,0,B0101T.gdf
20,1,1,23,LH,0,B0101T.gdf
21,1,1,24,RH,1,B0101T.gdf
22,1,1,25,LH,0,B0101T.gdf
23,1,1,26,LH,0,B0101T.gdf
24,1,1,27,LH,0,B0101T.gdf
25,1,1,29,RH,1,B0101T.gdf
26,1,1,30,LH,0,B0101T.gdf
27,1,1,31,LH,0,B0101T.gdf
28,1,1,32,RH,1,B0101T.gdf
29,1,1,33,RH,1,B0101T.gdf
30,1,1,35,RH,1,B0101T.gdf
31,1,1,36,LH,0,B0101T.gdf
32,1,1,37,RH,1,B0101T.gdf
33,1,1,38,RH,1,B0101T.gdf
34,1,1,39,LH,0,B0101T.gdf
35,1,1,40,RH,1,B0101T.gdf
36,1,1,41,LH,0,B0101T.gdf
37,1,1,42,LH,0,B0101T.gdf
38,1,1,43,LH,0,B0101T.gdf
39,1,1,44,LH,0,B0101T.gdf
40,1,1,45,RH,1,B0101T.gdf
41,1,1,46,RH,1,B0101T.gdf
42,1,1,47,RH,1,B0101T.gdf
43,1,1,48,RH,1,B0101T.gdf
44,1,1,49,LH,0,B0101T.gdf
45,1,1,50,LH,0,B0101T.gdf
46,1,1,51,RH,1,B0101T.gdf
47,1,1,52,RH,1,B0101T.gdf
48,1,1,53,LH,0,B0101T.gdf
49,1,1,54,RH,1,B0101T.gdf
50,1,1,56,RH,1,B0101T.gdf
51,1,1,57,LH,0,B0101T.gdf
52,1,1,58,LH,0,B0101T.gdf
53,1,1,59,RH,1,B0101T.gdf
54,1,1,63,RH,1,B0101T.gdf
55,1,1,64,RH,1,B0101T.gdf
56,1,1,65,LH,0,B0101T.gdf
57,1,1,66,RH,1,B0101T.gdf
58,1,1,67,RH,1,B0101T.gdf
59,1,1,68,LH,0,B0101T.gdf
60,1,1,69,LH,0,B0101T.gdf
61,1,1,71,RH,1,B0101T.gdf
62,1,1,73,RH,1,B0101T.gdf
63,1,1,74,RH,1,B0101T.gdf
64,1,1,75,RH,1,B0101T.gdf
65,1,1,76,LH,0,B0101T.gdf
66,1,1,77,LH,0,B0101T.gdf
67,1,1,78,LH,0,B0101T.gdf
68,1,1,79,LH,0,B0101T.gdf
69,1,1,81,LH,0,B0101T.gdf
70,1,1,82,LH,0,B0101T.gdf
71,1,1,83,RH,1,B0101T.gdf
72,1,1,84,LH,0,B0101T.gdf
73,1,1,86,RH,1,B0101T.gdf
74,1,1,87,LH,0,B0101T.gdf
75,1,1,88,LH,0,B0101T.gdf
76,1,1,89,RH,1,B0101T.gdf
77,1,1,90,RH,1,B0101T.gdf
78,1,1,91,RH,1,B0101T.gdf
79,1,1,93,RH,1,B0101T.gdf
80,1,1,94,LH,0,B0101T.gdf
81,1,1,95,LH,0,B0101T.gdf
82,1,1,96,LH,0,B0101T.gdf
83,1,1,97,RH,1,B0101T.gdf
84,1,1,98,LH,0,B0101T.gdf
85,1,1,99,RH,1,B0101T.gdf
86,1,1,102,RH,1,B0101T.gdf
87,1,1,104,RH,1,B0101T.gdf
88,1,1,105,LH,0,B0101T.gdf
89,1,1,106,LH,0,B0101T.gdf
90,1,1,107,RH,1,B0101T.gdf
91,1,1,108,LH,0,B0101T.gdf
92,1,1,110,LH,0,B0101T.gdf
93,1,1,111,RH,1,B0101T.gdf
94,1,1,112,LH,0,B0101T.gdf
95,1,1,113,RH,1,B0101T.gdf
96,1,1,114,LH,0,B0101T.gdf
97,1,1,115,RH,1,B0101T.gdf
98,1,1,116,LH,0,B0101T.gdf
99,1,1,117,RH,1,B0101T.gdf
100,1,1,118,LH,0,B0101T.gdf
101,1,1,119,RH,1,B0101T.gdf
102,1,1,120,RH,1,B0101T.gdf
103,1,2,2,RH,1,B0102T.gdf
104,1,2,3,RH,1,B0102T.gdf
105,1,2,5,RH,1,B0102T.gdf
106,1,2,6,LH,0,B0102T.gdf
107,1,2,7,RH,1,B0102T.gdf
108,1,2,11,RH,1,B0102T.gdf
109,1,2,13,RH,1,B0102T.gdf
110,1,2,14,LH,0,B0102T.gdf
111,1,2,15,LH,0,B0102T.gdf
112,1,2,16,LH,0,B0102T.gdf
113,1,2,17,LH,0,B0102T.gdf
114,1,2,18,RH,1,B0102T.gdf
115,1,2,19,LH,0,B0102T.gdf
116,1,2,20,RH,1,B0102T.gdf
117,1,2,21,LH,0,B0102T.gdf
118,1,2,22,RH,1,B0102T.gdf
119,1,2,23,LH,0,B0102T.gdf
120,1,2,24,RH,1,B0102T.gdf
121,1,2,25,LH,0,B0102T.gdf
122,1,2,26,LH,0,B0102T.gdf
123,1,2,29,LH,0,B0102T.gdf
124,1,2,30,RH,1,B0102T.gdf
125,1,2,32,RH,1,B0102T.gdf
126,1,2,33,LH,0,B0102T.gdf
127,1,2,34,RH,1,B0102T.gdf
128,1,2,35,RH,1,B0102T.gdf
129,1,2,36,LH,0,B0102T.gdf
130,1,2,37,RH,1,B0102T.gdf
131,1,2,38,LH,0,B0102T.gdf
132,1,2,40,RH,1,B0102T.gdf
133,1,2,41,LH,0,B0102T.gdf
134,1,2,42,LH,0,B0102T.gdf
135,1,2,44,LH,0,B0102T.gdf
136,1,2,45,RH,1,B0102T.gdf
137,1,2,46,RH,1,B0102T.gdf
138,1,2,47,LH,0,B0102T.gdf
139,1,2,48,LH,0,B0102T.gdf
140,1,2,50,LH,0,B0102T.gdf
141,1,2,51,LH,0,B0102T.gdf
142,1,2,52,RH,1,B0102T.gdf
143,1,2,53,LH,0,B0102T.gdf
144,1,2,54,RH,1,B0102T.gdf
145,1,2,55,RH,1,B0102T.gdf
146,1,2,56,RH,1,B0102T.gdf
147,1,2,57,RH,1,B0102T.gdf
148,1,2,58,RH,1,B0102T.gdf
149,1,2,60,LH,0,B0102T.gdf
150,1,2,61,RH,1,B0102T.gdf
151,1,2,62,LH,0,B0102T.gdf
152,1,2,63,LH,0,B0102T.gdf
153,1,2,65,LH,0,B0102T.gdf
154,1,2,66,RH,1,B0102T.gdf
155,1,2,67,LH,0,B0102T.gdf
156,1,2,68,LH,0,B0102T.gdf
157,1,2,69,RH,1,B0102T.gdf
158,1,2,70,RH,1,B0102T.gdf
159,1,2,72,RH,1,B0102T.gdf
160,1,2,73,LH,0,B0102T.gdf
161,1,2,74,LH,0,B0102T.gdf
162,1,2,75,RH,1,B0102T.gdf
163,1,2,76,LH,0,B0102T.gdf
164,1,2,77,LH,0,B0102T.gdf
165,1,2,78,RH,1,B0102T.gdf
166,1,2,80,RH,1,B0102T.gdf
167,1,2,81,LH,0,B0102T.gdf
168,1,2,83,LH,0,B0102T.gdf
169,1,2,84,RH,1,B0102T.gdf
170,1,2,85,LH,0,B0102T.gdf
171,1,2,86,LH,0,B0102T.gdf
172,1,2,88,LH,0,B0102T.gdf
173,1,2,89,RH,1,B0102T.gdf
174,1,2,90,RH,1,B0102T.gdf
175,1,2,91,RH,1,B0102T.gdf
176,1,2,92,LH,0,B0102T.gdf
177,1,2,93,RH,1,B0102T.gdf
178,1,2,94,LH,0,B0102T.gdf
179,1,2,95,RH,1,B0102T.gdf
180,1,2,96,RH,1,B0102T.gdf
181,1,2,100,RH,1,B0102T.gdf
182,1,2,101,LH,0,B0102T.gdf
183,1,2,102,RH,1,B0102T.gdf
184,1,2,103,LH,0,B0102T.gdf
185,1,2,104,LH,0,B0102T.gdf
186,1,2,105,RH,1,B0102T.gdf
187,1,2,106,LH,0,B0102T.gdf
188,1,2,107,RH,1,B0102T.gdf
189,1,2,108,RH,1,B0102T.gdf
190,1,2,109,LH,0,B0102T.gdf
191,1,2,110,RH,1,B0102T.gdf
192,1,2,111,RH,1,B0102T.gdf
193,1,2,112,LH,0,B0102T.gdf
194,1,2,113,RH,1,B0102T.gdf
195,1,2,114,LH,0,B0102T.gdf
196,1,2,116,RH,1,B0102T.gdf
197,1,2,117,RH,1,B0102T.gdf
198,1,2,118,LH,0,B0102T.gdf
199,1,2,119,RH,1,B0102T.gdf
200,1,2,120,LH,0,B0102T.gdf
201,1,3,1,RH,1,B0103T.gdf
202,1,3,5,LH,0,B0103T.gdf
203,1,3,7,RH,1,B0103T.gdf
204,1,3,8,LH,0,B0103T.gdf
205,1,3,9,LH,0,B0103T.gdf
206,1,3,12,LH,0,B0103T.gdf
207,1,3,13,RH,1,B0103T.gdf
208,1,3,15,RH,1,B0103T.gdf
209,1,3,18,LH,0,B0103T.gdf
210,1,3,19,LH,0,B0103T.gdf
211,1,3,20,LH,0,B0103T.gdf
212,1,3,21,RH,1,B0103T.gdf
213,1,3,22,RH,1,B0103T.gdf
214,1,3,23,RH,1,B0103T.gdf
215,1,3,24,LH,0,B0103T.gdf
216,1,3,25,RH,1,B0103T.gdf
217,1,3,26,RH,1,B0103T.gdf
218,1,3,27,RH,1,B0103T.gdf
219,1,3,29,LH,0,B0103T.gdf
220,1,3,30,RH,1,B0103T.gdf
221,1,3,31,RH,1,B0103T.gdf
222,1,3,33,LH,0,B0103T.gdf
223,1,3,34,LH,0,B0103T.gdf
224,1,3,35,RH,1,B0103T.gdf
225,1,3,36,RH,1,B0103T.gdf
226,1,3,37,LH,0,B0103T.gdf
227,1,3,38,RH,1,B0103T.gdf
228,1,3,39,LH,0,B0103T.gdf
229,1,3,40,RH,1,B0103T.gdf
230,1,3,41,RH,1,B0103T.gdf
231,1,3,42,LH,0,B0103T.gdf
232,1,3,43,LH,0,B0103T.gdf
233,1,3,44,RH,1,B0103T.gdf
234,1,3,45,LH,0,B0103T.gdf
235,1,3,46,LH,0,B0103T.gdf
236,1,3,47,LH,0,B0103T.gdf
237,1,3,48,RH,1,B0103T.gdf
238,1,3,49,LH,0,B0103T.gdf
239,1,3,50,LH,0,B0103T.gdf
240,1,3,52,RH,1,B0103T.gdf
241,1,3,53,RH,1,B0103T.gdf
242,1,3,55,RH,1,B0103T.gdf
243,1,3,56,RH,1,B0103T.gdf
244,1,3,57,RH,1,B0103T.gdf
245,1,3,58,LH,0,B0103T.gdf
246,1,3,59,RH,1,B0103T.gdf
247,1,3,60,LH,0,B0103T.gdf
248,1,3,61,RH,1,B0103T.gdf
249,1,3,62,LH,0,B0103T.gdf
250,1,3,63,RH,1,B0103T.gdf
251,1,3,64,RH,1,B0103T.gdf
252,1,3,65,RH,1,B0103T.gdf
253,1,3,67,LH,0,B0103T.gdf
254,1,3,68,LH,0,B0103T.gdf
255,1,3,69,LH,0,B0103T.gdf
256,1,3,70,LH,0,B0103T.gdf
257,1,3,71,RH,1,B0103T.gdf
258,1,3,72,RH,1,B0103T.gdf
259,1,3,73,RH,1,B0103T.gdf
260,1,3,74,LH,0,B0103T.gdf
261,1,3,75,LH,0,B0103T.gdf
262,1,3,76,RH,1,B0103T.gdf
263,1,3,77,RH,1,B0103T.gdf
264,1,3,79,LH,0,B0103T.gdf
265,1,3,80,RH,1,B0103T.gdf
266,1,3,82,RH,1,B0103T.gdf
267,1,3,84,LH,0,B0103T.gdf
268,1,3,85,RH,1,B0103T.gdf
269,1,3,88,RH,1,B0103T.gdf
270,1,3,89,RH,1,B0103T.gdf
271,1,3,90,LH,0,B0103T.gdf
272,1,3,92,LH,0,B0103T.gdf
273,1,3,93,LH,0,B0103T.gdf
274,1,3,94,LH,0,B0103T.gdf
275,1,3,95,LH,0,B0103T.gdf
276,1,3,98,RH,1,B0103T.gdf
277,1,3,99,RH,1,B0103T.gdf
278,1,3,100,RH,1,B0103T.gdf
279,1,3,101,RH,1,B0103T.gdf
280,1,3,102,LH,0,B0103T.gdf
281,1,3,103,LH,0,B0103T.gdf
282,1,3,104,RH,1,B0103T.gdf
283,1,3,105,LH,0,B0103T.gdf
284,1,3,108,LH,0,B0103T.gdf
285,1,3,109,LH,0,B0103T.gdf
286,1,3,110,LH,0,B0103T.gdf
287,1,3,111,LH,0,B0103T.gdf
288,1,3,114,RH,1,B0103T.gdf
289,1,3,115,RH,1,B0103T.gdf
290,1,3,116,RH,1,B0103T.gdf
291,1,3,117,LH,0,B0103T.gdf
292,1,3,119,RH,1,B0103T.gdf
293,1,3,120,LH,0,B0103T.gdf
294,1,3,122,LH,0,B0103T.gdf
295,1,3,126,LH,0,B0103T.gdf
296,1,3,127,RH,1,B0103T.gdf
297,1,3,128,LH,0,B0103T.gdf
298,1,3,129,RH,1,B0103T.gdf
299,1,3,130,LH,0,B0103T.gdf
300,1,3,132,RH,1,B0103T.gdf
301,1,3,133,LH,0,B0103T.gdf
302,1,3,137,RH,1,B0103T.gdf
303,1,3,138,RH,1,B0103T.gdf
304,1,3,139,LH,0,B0103T.gdf
305,1,3,140,LH,0,B0103T.gdf
306,1,3,141,LH,0,B0103T.gdf
307,1,3,142,LH,0,B0103T.gdf
308,1,3,143,RH,1,B0103T.gdf
309,1,3,144,LH,0,B0103T.gdf
310,1,3,145,LH,0,B0103T.gdf
311,1,3,147,RH,1,B0103T.gdf
312,1,3,148,LH,0,B0103T.gdf
313,1,3,149,LH,0,B0103T.gdf
314,1,3,150,RH,1,B0103T.gdf
315,1,3,151,RH,1,B0103T.gdf
316,1,3,152,RH,1,B0103T.gdf
317,1,3,153,RH,1,B0103T.gdf
318,1,3,154,RH,1,B0103T.gdf
319,1,3,155,RH,1,B0103T.gdf
320,1,3,156,RH,1,B0103T.gdf
321,1,3,157,LH,0,B0103T.gdf
322,1,3,158,RH,1,B0103T.gdf
323,1,3,159,RH,1,B0103T.gdf
324,1,3,160,LH,0,B0103T.gdf
325,2,1,1,RH,1,B0201T.gdf
326,2,1,2,RH,1,B0201T.gdf
327,2,1,4,LH,0,B0201T.gdf
328,2,1,5,LH,0,B0201T.gdf
329,2,1,6,RH,1,B0201T.gdf
330,2,1,7,LH,0,B0201T.gdf
331,2,1,8,LH,0,B0201T.gdf
332,2,1,9,LH,0,B0201T.gdf
333,2,1,10,RH,1,B0201T.gdf
334,2,1,11,RH,1,B0201T.gdf
335,2,1,12,RH,1,B0201T.gdf
336,2,1,13,RH,1,B0201T.gdf
337,2,1,14,LH,0,B0201T.gdf
338,2,1,15,RH,1,B0201T.gdf
339,2,1,16,LH,0,B0201T.gdf
340,2,1,17,LH,0,B0201T.gdf
341,2,1,18,RH,1,B0201T.gdf
342,2,1,20,RH,1,B0201T.gdf
343,2,1,22,LH,0,B0201T.gdf
344,2,1,23,RH,1,B0201T.gdf
345,2,1,24,LH,0,B0201T.gdf
346,2,1,25,RH,1,B0201T.gdf
347,2,1,26,LH,0,B0201T.gdf
348,2,1,27,RH,1,B0201T.gdf
349,2,1,28,RH,1,B0201T.gdf
350,2,1,29,RH,1,B0201T.gdf
351,2,1,31,RH,1,B0201T.gdf
352,2,1,32,LH,0,B0201T.gdf
353,2,1,33,RH,1,B0201T.gdf
354,2,1,34,RH,1,B0201T.gdf
355,2,1,35,LH,0,B0201T.gdf
356,2,1,36,LH,0,B0201T.gdf
357,2,1,39,LH,0,B0201T.gdf
358,2,1,40,LH,0,B0201T.gdf
359,2,1,42,RH,1,B0201T.gdf
360,2,1,43,RH,1,B0201T.gdf
361,2,1,44,LH,0,B0201T.gdf
362,2,1,45,LH,0,B0201T.gdf
363,2,1,46,LH,0,B0201T.gdf
364,2,1,47,RH,1,B0201T.gdf
365,2,1,49,RH,1,B0201T.gdf
366,2,1,50,LH,0,B0201T.gdf
367,2,1,52,RH,1,B0201T.gdf
368,2,1,53,LH,0,B0201T.gdf
369,2,1,55,LH,0,B0201T.gdf
370,2,1,56,LH,0,B0201T.gdf
371,2,1,57,LH,0,B0201T.gdf
372,2,1,58,RH,1,B0201T.gdf
373,2,1,59,RH,1,B0201T.gdf
374,2,1,60,RH,1,B0201T.gdf
375,2,1,62,RH,1,B0201T.gdf
376,2,1,63,LH,0,B0201T.gdf
377,2,1,64,RH,1,B0201T.gdf
378,2,1,65,LH,0,B0201T.gdf
379,2,1,66,RH,1,B0201T.gdf
380,2,1,67,LH,0,B0201T.gdf
381,2,1,68,LH,0,B0201T.gdf
382,2,1,69,LH,0,B0201T.gdf
383,2,1,70,LH,0,B0201T.gdf
384,2,1,71,LH,0,B0201T.gdf
385,2,1,72,LH,0,B0201T.gdf
386,2,1,73,RH,1,B0201T.gdf
387,2,1,74,RH,1,B0201T.gdf
388,2,1,75,RH,1,B0201T.gdf
389,2,1,76,RH,1,B0201T.gdf
390,2,1,78,LH,0,B0201T.gdf
391,2,1,79,RH,1,B0201T.gdf
392,2,1,80,RH,1,B0201T.gdf
393,2,1,83,LH,0,B0201T.gdf
394,2,1,84,LH,0,B0201T.gdf
395,2,1,86,RH,1,B0201T.gdf
396,2,1,87,LH,0,B0201T.gdf
397,2,1,88,RH,1,B0201T.gdf
398,2,1,89,RH,1,B0201T.gdf
399,2,1,90,LH,0,B0201T.gdf
400,2,1,91,RH,1,B0201T.gdf
401,2,1,92,LH,0,B0201T.gdf
402,2,1,94,RH,1,B0201T.gdf
403,2,1,95,LH,0,B0201T.gdf
404,2,1,96,RH,1,B0201T.gdf
405,2,1,97,RH,1,B0201T.gdf
406,2,1,98,LH,0,B0201T.gdf
407,2,1,100,LH,0,B0201T.gdf
408,2,1,102,LH,0,B0201T.gdf
409,2,1,103,RH,1,B0201T.gdf
410,2,1,104,LH,0,B0201T.gdf
411,2,1,105,LH,0,B0201T.gdf
412,2,1,106,LH,0,B0201T.gdf
413,2,1,107,RH,1,B0201T.gdf
414,2,1,109,LH,0,B0201T.gdf
415,2,1,110,LH,0,B0201T.gdf
416,2,1,111,RH,1,B0201T.gdf
417,2,1,113,RH,1,B0201T.gdf
418,2,1,114,RH,1,B0201T.gdf
419,2,1,115,LH,0,B0201T.gdf
420,2,1,116,RH,1,B0201T.gdf
421,2,1,117,RH,1,B0201T.gdf
422,2,1,118,RH,1,B0201T.gdf
423,2,2,1,RH,1,B0202T.gdf
424,2,2,2,LH,0,B0202T.gdf
425,2,2,3,LH,0,B0202T.gdf
426,2,2,5,LH,0,B0202T.gdf
427,2,2,7,RH,1,B0202T.gdf
428,2,2,8,LH,0,B0202T.gdf
429,2,2,9,LH,0,B0202T.gdf
430,2,2,10,RH,1,B0202T.gdf
431,2,2,11,LH,0,B0202T.gdf
432,2,2,13,LH,0,B0202T.gdf
433,2,2,14,LH,0,B0202T.gdf
434,2,2,15,RH,1,B0202T.gdf
435,2,2,16,RH,1,B0202T.gdf
436,2,2,17,LH,0,B0202T.gdf
437,2,2,18,RH,1,B0202T.gdf
438,2,2,19,RH,1,B0202T.gdf
439,2,2,20,RH,1,B0202T.gdf
440,2,2,21,LH,0,B0202T.gdf
441,2,2,22,RH,1,B0202T.gdf
442,2,2,23,RH,1,B0202T.gdf
443,2,2,24,RH,1,B0202T.gdf
444,2,2,26,RH,1,B0202T.gdf
445,2,2,27,RH,1,B0202T.gdf
446,2,2,28,RH,1,B0202T.gdf
447,2,2,29,RH,1,B0202T.gdf
448,2,2,30,LH,0,B0202T.gdf
449,2,2,31,LH,0,B0202T.gdf
450,2,2,33,LH,0,B0202T.gdf
451,2,2,34,LH,0,B0202T.gdf
452,2,2,35,RH,1,B0202T.gdf
453,2,2,36,LH,0,B0202T.gdf
454,2,2,37,LH,0,B0202T.gdf
455,2,2,39,LH,0,B0202T.gdf
456,2,2,40,RH,1,B0202T.gdf
457,2,2,41,LH,0,B0202T.gdf
458,2,2,42,RH,1,B0202T.gdf
459,2,2,44,LH,0,B0202T.gdf
460,2,2,45,RH,1,B0202T.gdf
461,2,2,47,RH,1,B0202T.gdf
462,2,2,48,RH,1,B0202T.gdf
463,2,2,50,LH,0,B0202T.gdf
464,2,2,51,LH,0,B0202T.gdf
465,2,2,52,LH,0,B0202T.gdf
466,2,2,53,RH,1,B0202T.gdf
467,2,2,54,RH,1,B0202T.gdf
468,2,2,55,LH,0,B0202T.gdf
469,2,2,56,LH,0,B0202T.gdf
470,2,2,57,LH,0,B0202T.gdf
471,2,2,58,RH,1,B0202T.gdf
472,2,2,59,RH,1,B0202T.gdf
473,2,2,60,LH,0,B0202T.gdf
474,2,2,61,LH,0,B0202T.gdf
475,2,2,62,RH,1,B0202T.gdf
476,2,2,63,LH,0,B0202T.gdf
477,2,2,64,LH,0,B0202T.gdf
478,2,2,65,LH,0,B0202T.gdf
479,2,2,66,RH,1,B0202T.gdf
480,2,2,70,LH,0,B0202T.gdf
481,2,2,71,RH,1,B0202T.gdf
482,2,2,72,RH,1,B0202T.gdf
483,2,2,73,LH,0,B0202T.gdf
484,2,2,76,LH,0,B0202T.gdf
485,2,2,78,LH,0,B0202T.gdf
486,2,2,79,RH,1,B0202T.gdf
487,2,2,80,LH,0,B0202T.gdf
488,2,2,82,RH,1,B0202T.gdf
489,2,2,83,RH,1,B0202T.gdf
490,2,2,84,RH,1,B0202T.gdf
491,2,2,85,RH,1,B0202T.gdf
492,2,2,86,RH,1,B0202T.gdf
493,2,2,87,RH,1,B0202T.gdf
494,2,2,90,RH,1,B0202T.gdf
495,2,2,92,LH,0,B0202T.gdf
496,2,2,93,RH,1,B0202T.gdf
497,2,2,94,LH,0,B0202T.gdf
498,2,2,95,LH,0,B0202T.gdf
499,2,2,96,LH,0,B0202T.gdf
500,2,2,97,RH,1,B0202T.gdf
501,2,2,98,LH,0,B0202T.gdf
502,2,2,99,LH,0,B0202T.gdf
503,2,2,100,RH,1,B0202T.gdf
504,2,2,102,RH,1,B0202T.gdf
505,2,2,103,LH,0,B0202T.gdf
506,2,2,104,LH,0,B0202T.gdf
507,2,2,105,LH,0,B0202T.gdf
508,2,2,106,LH,0,B0202T.gdf
509,2,2,107,RH,1,B0202T.gdf
510,2,2,108,RH,1,B0202T.gdf
511,2,2,109,LH,0,B0202T.gdf
512,2,2,110,LH,0,B0202T.gdf
513,2,2,111,RH,1,B0202T.gdf
514,2,2,112,LH,0,B0202T.gdf
515,2,2,113,RH,1,B0202T.gdf
516,2,2,114,LH,0,B0202T.gdf
517,2,2,115,LH,0,B0202T.gdf
518,2,2,116,LH,0,B0202T.gdf
519,2,2,117,RH,1,B0202T.gdf
520,2,2,118,RH,1,B0202T.gdf
521,2,2,119,RH,1,B0202T.gdf
522,2,2,120,RH,1,B0202T.gdf
523,2,3,1,RH,1,B0203T.gdf
524,2,3,3,LH,0,B0203T.gdf
525,2,3,4,RH,1,B0203T.gdf
526,2,3,6,LH,0,B0203T.gdf
527,2,3,7,LH,0,B0203T.gdf
528,2,3,8,RH,1,B0203T.gdf
529,2,3,9,LH,0,B0203T.gdf
530,2,3,10,LH,0,B0203T.gdf
531,2,3,11,RH,1,B0203T.gdf
532,2,3,12,RH,1,B0203T.gdf
533,2,3,13,RH,1,B0203T.gdf
534,2,3,14,LH,0,B0203T.gdf
535,2,3,16,RH,1,B0203T.gdf
536,2,3,18,LH,0,B0203T.gdf
537,2,3,19,RH,1,B0203T.gdf
538,2,3,20,LH,0,B0203T.gdf
539,2,3,21,RH,1,B0203T.gdf
540,2,3,23,RH,1,B0203T.gdf
541,2,3,24,RH,1,B0203T.gdf
542,2,3,25,RH,1,B0203T.gdf
543,2,3,26,LH,0,B0203T.gdf
544,2,3,27,LH,0,B0203T.gdf
545,2,3,28,LH,0,B0203T.gdf
546,2,3,29,LH,0,B0203T.gdf
547,2,3,30,LH,0,B0203T.gdf
548,2,3,31,RH,1,B0203T.gdf
549,2,3,32,RH,1,B0203T.gdf
550,2,3,33,RH,1,B0203T.gdf
551,2,3,34,LH,0,B0203T.gdf
552,2,3,35,LH,0,B0203T.gdf
553,2,3,36,RH,1,B0203T.gdf
554,2,3,37,RH,1,B0203T.gdf
555,2,3,38,LH,0,B0203T.gdf
556,2,3,39,LH,0,B0203T.gdf
557,2,3,40,RH,1,B0203T.gdf
558,2,3,41,RH,1,B0203T.gdf
559,2,3,42,RH,1,B0203T.gdf
560,2,3,45,RH,1,B0203T.gdf
561,2,3,46,LH,0,B0203T.gdf
562,2,3,47,LH,0,B0203T.gdf
563,2,3,48,RH,1,B0203T.gdf
564,2,3,49,RH,1,B0203T.gdf
565,2,3,50,LH,0,B0203T.gdf
566,2,3,51,LH,0,B0203T.gdf
567,2,3,53,LH,0,B0203T.gdf
568,2,3,54,LH,0,B0203T.gdf
569,2,3,55,LH,0,B0203T.gdf
570,2,3,57,RH,1,B0203T.gdf
571,2,3,58,RH,1,B0203T.gdf
572,2,3,59,RH,1,B0203T.gdf
573,2,3,60,RH,1,B0203T.gdf
574,2,3,61,RH,1,B0203T.gdf
575,2,3,62,LH,0,B0203T.gdf
576,2,3,63,LH,0,B0203T.gdf
577,2,3,64,RH,1,B0203T.gdf
578,2,3,65,LH,0,B0203T.gdf
579,2,3,67,RH,1,B0203T.gdf
580,2,3,68,LH,0,B0203T.gdf
581,2,3,69,LH,0,B0203T.gdf
582,2,3,71,LH,0,B0203T.gdf
583,2,3,72,RH,1,B0203T.gdf
584,2,3,73,RH,1,B0203T.gdf
585,2,3,74,RH,1,B0203T.gdf
586,2,3,75,RH,1,B0203T.gdf
587,2,3,76,RH,1,B0203T.gdf
588,2,3,77,LH,0,B0203T.gdf
589,2,3,78,RH,1,B0203T.gdf
590,2,3,79,RH,1,B0203T.gdf
591,2,3,80,LH,0,B0203T.gdf
592,2,3,81,LH,0,B0203T.gdf
593,2,3,82,LH,0,B0203T.gdf
594,2,3,83,LH,0,B0203T.gdf
595,2,3,84,LH,0,B0203T.gdf
596,2,3,85,LH,0,B0203T.gdf
597,2,3,86,LH,0,B0203T.gdf
598,2,3,87,RH,1,B0203T.gdf
599,2,3,88,LH,0,B0203T.gdf
600,2,3,89,RH,1,B0203T.gdf
601,2,3,90,LH,0,B0203T.gdf
602,2,3,94,LH,0,B0203T.gdf
603,2,3,95,RH,1,B0203T.gdf
604,2,3,96,RH,1,B0203T.gdf
605,2,3,97,RH,1,B0203T.gdf
606,2,3,98,RH,1,B0203T.gdf
607,2,3,99,LH,0,B0203T.gdf
608,2,3,100,LH,0,B0203T.gdf
609,2,3,101,LH,0,B0203T.gdf
610,2,3,102,LH,0,B0203T.gdf
611,2,3,103,RH,1,B0203T.gdf
612,2,3,104,LH,0,B0203T.gdf
613,2,3,105,LH,0,B0203T.gdf
614,2,3,107,RH,1,B0203T.gdf
615,2,3,109,LH,0,B0203T.gdf
616,2,3,110,RH,1,B0203T.gdf
617,2,3,111,RH,1,B0203T.gdf
618,2,3,112,RH,1,B0203T.gdf
619,2,3,113,RH,1,B0203T.gdf
620,2,3,114,RH,1,B0203T.gdf
621,2,3,115,RH,1,B0203T.gdf
622,2,3,117,LH,0,B0203T.gdf
623,2,3,118,RH,1,B0203T.gdf
624,2,3,119,RH,1,B0203T.gdf
625,2,3,120,LH,0,B0203T.gdf
626,2,3,121,RH,1,B0203T.gdf
627,2,3,122,LH,0,B0203T.gdf
628,2,3,123,RH,1,B0203T.gdf
629,2,3,124,RH,1,B0203T.gdf
630,2,3,125,LH,0,B0203T.gdf
631,2,3,126,RH,1,B0203T.gdf
632,2,3,127,LH,0,B0203T.gdf
633,2,3,130,RH,1,B0203T.gdf
634,2,3,131,LH,0,B0203T.gdf
635,2,3,134,LH,0,B0203T.gdf
636,2,3,136,RH,1,B0203T.gdf
637,2,3,137,LH,0,B0203T.gdf
638,2,3,138,LH,0,B0203T.gdf
639,2,3,139,LH,0,B0203T.gdf
640,2,3,140,LH,0,B0203T.gdf
641,2,3,141,RH,1,B0203T.gdf
642,2,3,142,RH,1,B0203T.gdf
643,2,3,143,RH,1,B0203T.gdf
644,2,3,144,LH,0,B0203T.gdf
645,2,3,148,LH,0,B0203T.gdf
646,2,3,149,RH,1,B0203T.gdf
647,2,3,150,RH,1,B0203T.gdf
648,2,3,151,RH,1,B0203T.gdf
649,2,3,152,RH,1,B0203T.gdf
650,2,3,153,LH,0,B0203T.gdf
651,2,3,155,LH,0,B0203T.gdf
652,2,3,156,LH,0,B0203T.gdf
653,2,3,157,RH,1,B0203T.gdf
654,3,1,2,RH,1,B0301T.gdf
655,3,1,3,LH,0,B0301T.gdf
656,3,1,4,RH,1,B0301T.gdf
657,3,1,5,RH,1,B0301T.gdf
658,3,1,6,LH,0,B0301T.gdf
659,3,1,7,LH,0,B0301T.gdf
660,3,1,8,RH,1,B0301T.gdf
661,3,1,9,LH,0,B0301T.gdf
662,3,1,10,RH,1,B0301T.gdf
663,3,1,11,LH,0,B0301T.gdf
664,3,1,15,RH,1,B0301T.gdf
665,3,1,16,LH,0,B0301T.gdf
666,3,1,17,RH,1,B0301T.gdf
667,3,1,18,LH,0,B0301T.gdf
668,3,1,19,RH,1,B0301T.gdf
669,3,1,21,RH,1,B0301T.gdf
670,3,1,22,RH,1,B0301T.gdf
671,3,1,23,LH,0,B0301T.gdf
672,3,1,24,RH,1,B0301T.gdf
673,3,1,26,RH,1,B0301T.gdf
674,3,1,27,LH,0,B0301T.gdf
675,3,1,28,RH,1,B0301T.gdf
676,3,1,29,RH,1,B0301T.gdf
677,3,1,30,RH,1,B0301T.gdf
678,3,1,31,LH,0,B0301T.gdf
679,3,1,34,LH,0,B0301T.gdf
680,3,1,35,LH,0,B0301T.gdf
681,3,1,38,LH,0,B0301T.gdf
682,3,1,39,LH,0,B0301T.gdf
683,3,1,40,RH,1,B0301T.gdf
684,3,1,41,LH,0,B0301T.gdf
685,3,1,42,RH,1,B0301T.gdf
686,3,1,44,LH,0,B0301T.gdf
687,3,1,45,LH,0,B0301T.gdf
688,3,1,46,LH,0,B0301T.gdf
689,3,1,47,LH,0,B0301T.gdf
690,3,1,48,LH,0,B0301T.gdf
691,3,1,49,LH,0,B0301T.gdf
692,3,1,50,LH,0,B0301T.gdf
693,3,1,51,RH,1,B0301T.gdf
694,3,1,52,RH,1,B0301T.gdf
695,3,1,53,RH,1,B0301T.gdf
696,3,1,54,LH,0,B0301T.gdf
697,3,1,55,RH,1,B0301T.gdf
698,3,1,57,RH,1,B0301T.gdf
699,3,1,58,LH,0,B0301T.gdf
700,3,1,60,RH,1,B0301T.gdf
701,3,1,62,RH,1,B0301T.gdf
702,3,1,63,LH,0,B0301T.gdf
703,3,1,65,LH,0,B0301T.gdf
704,3,1,66,RH,1,B0301T.gdf
705,3,1,67,RH,1,B0301T.gdf
706,3,1,68,RH,1,B0301T.gdf
707,3,1,69,LH,0,B0301T.gdf
708,3,1,70,LH,0,B0301T.gdf
709,3,1,73,RH,1,B0301T.gdf
710,3,1,74,LH,0,B0301T.gdf
711,3,1,75,LH,0,B0301T.gdf
712,3,1,76,RH,1,B0301T.gdf
713,3,1,78,LH,0,B0301T.gdf
714,3,1,79,LH,0,B0301T.gdf
715,3,1,80,RH,1,B0301T.gdf
716,3,1,83,LH,0,B0301T.gdf
717,3,1,84,LH,0,B0301T.gdf
718,3,1,85,RH,1,B0301T.gdf
719,3,1,86,RH,1,B0301T.gdf
720,3,1,87,RH,1,B0301T.gdf
721,3,1,88,LH,0,B0301T.gdf
722,3,1,89,RH,1,B0301T.gdf
723,3,1,90,LH,0,B0301T.gdf
724,3,1,92,LH,0,B0301T.gdf
725,3,1,93,RH,1,B0301T.gdf
726,3,1,94,LH,0,B0301T.gdf
727,3,1,95,LH,0,B0301T.gdf
728,3,1,97,RH,1,B0301T.gdf
729,3,1,99,LH,0,B0301T.gdf
730,3,1,100,RH,1,B0301T.gdf
731,3,1,101,RH,1,B0301T.gdf
732,3,1,102,RH,1,B0301T.gdf
733,3,1,103,LH,0,B0301T.gdf
734,3,1,105,LH,0,B0301T.gdf
735,3,1,106,RH,1,B0301T.gdf
736,3,1,109,RH,1,B0301T.gdf
737,3,1,110,LH,0,B0301T.gdf
738,3,1,112,RH,1,B0301T.gdf
739,3,1,113,LH,0,B0301T.gdf
740,3,1,114,LH,0,B0301T.gdf
741,3,1,116,LH,0,B0301T.gdf
742,3,1,117,RH,1,B0301T.gdf
743,3,1,118,LH,0,B0301T.gdf
744,3,2,1,RH,1,B0302T.gdf
745,3,2,2,LH,0,B0302T.gdf
746,3,2,3,LH,0,B0302T.gdf
747,3,2,4,RH,1,B0302T.gdf
748,3,2,5,LH,0,B0302T.gdf
749,3,2,7,RH,1,B0302T.gdf
750,3,2,9,LH,0,B0302T.gdf
751,3,2,10,RH,1,B0302T.gdf
752,3,2,12,RH,1,B0302T.gdf
753,3,2,13,LH,0,B0302T.gdf
754,3,2,14,LH,0,B0302T.gdf
755,3,2,15,RH,1,B0302T.gdf
756,3,2,19,RH,1,B0302T.gdf
757,3,2,20,RH,1,B0302T.gdf
758,3,2,21,LH,0,B0302T.gdf
759,3,2,22,RH,1,B0302T.gdf
760,3,2,24,RH,1,B0302T.gdf
761,3,2,25,RH,1,B0302T.gdf
762,3,2,26,RH,1,B0302T.gdf
763,3,2,27,RH,1,B0302T.gdf
764,3,2,29,RH,1,B0302T.gdf
765,3,2,31,LH,0,B0302T.gdf
766,3,2,32,LH,0,B0302T.gdf
767,3,2,33,LH,0,B0302T.gdf
768,3,2,34,LH,0,B0302T.gdf
769,3,2,35,RH,1,B0302T.gdf
770,3,2,36,LH,0,B0302T.gdf
771,3,2,37,LH,0,B0302T.gdf
772,3,2,38,LH,0,B0302T.gdf
773,3,2,39,LH,0,B0302T.gdf
774,3,2,40,RH,1,B0302T.gdf
775,3,2,41,LH,0,B0302T.gdf
776,3,2,42,RH,1,B0302T.gdf
777,3,2,45,RH,1,B0302T.gdf
778,3,2,46,LH,0,B0302T.gdf
779,3,2,47,RH,1,B0302T.gdf
780,3,2,51,LH,0,B0302T.gdf
781,3,2,53,RH,1,B0302T.gdf
782,3,2,54,RH,1,B0302T.gdf
783,3,2,56,LH,0,B0302T.gdf
784,3,2,57,LH,0,B0302T.gdf
785,3,2,58,RH,1,B0302T.gdf
786,3,2,59,RH,1,B0302T.gdf
787,3,2,60,LH,0,B0302T.gdf
788,3,2,62,RH,1,B0302T.gdf
789,3,2,63,LH,0,B0302T.gdf
790,3,2,64,LH,0,B0302T.gdf
791,3,2,68,RH,1,B0302T.gdf
792,3,2,69,RH,1,B0302T.gdf
793,3,2,70,LH,0,B0302T.gdf
794,3,2,72,RH,1,B0302T.gdf
795,3,2,73,LH,0,B0302T.gdf
796,3,2,74,RH,1,B0302T.gdf
797,3,2,75,LH,0,B0302T.gdf
798,3,2,76,LH,0,B0302T.gdf
799,3,2,77,RH,1,B0302T.gdf
800,3,2,79,RH,1,B0302T.gdf
801,3,2,80,LH,0,B0302T.gdf
802,3,2,82,RH,1,B0302T.gdf
803,3,2,83,RH,1,B0302T.gdf
804,3,2,84,RH,1,B0302T.gdf
805,3,2,86,RH,1,B0302T.gdf
806,3,2,87,RH,1,B0302T.gdf
807,3,2,88,LH,0,B0302T.gdf
808,3,2,91,LH,0,B0302T.gdf
809,3,2,92,LH,0,B0302T.gdf
810,3,2,93,RH,1,B0302T.gdf
811,3,2,94,LH,0,B0302T.gdf
812,3,2,95,LH,0,B0302T.gdf
813,3,2,96,LH,0,B0302T.gdf
814,3,2,98,LH,0,B0302T.gdf
815,3,2,100,RH,1,B0302T.gdf
816,3,2,102,RH,1,B0302T.gdf
817,3,2,103,LH,0,B0302T.gdf
818,3,2,104,LH,0,B0302T.gdf
819,3,2,106,LH,0,B0302T.gdf
820,3,2,107,RH,1,B0302T.gdf
821,3,2,108,RH,1,B0302T.gdf
822,3,2,109,LH,0,B0302T.gdf
823,3,2,110,LH,0,B0302T.gdf
824,3,2,112,LH,0,B0302T.gdf
825,3,2,113,RH,1,B0302T.gdf
826,3,2,114,LH,0,B0302T.gdf
827,3,2,116,LH,0,B0302T.gdf
828,3,2,117,RH,1,B0302T.gdf
829,3,2,118,RH,1,B0302T.gdf
830,3,2,119,RH,1,B0302T.gdf
831,3,2,120,RH,1,B0302T.gdf
832,3,3,2,LH,0,B0303T.gdf
833,3,3,3,RH,1,B0303T.gdf
834,3,3,5,LH,0,B0303T.gdf
835,3,3,6,LH,0,B0303T.gdf
836,3,3,7,RH,1,B0303T.gdf
837,3,3,10,LH,0,B0303T.gdf
838,3,3,11,RH,1,B0303T.gdf
839,3,3,13,RH,1,B0303T.gdf
840,3,3,14,LH,0,B0303T.gdf
841,3,3,15,RH,1,B0303T.gdf
842,3,3,16,LH,0,B0303T.gdf
843,3,3,17,LH,0,B0303T.gdf
844,3,3,18,LH,0,B0303T.gdf
845,3,3,19,LH,0,B0303T.gdf
846,3,3,21,RH,1,B0303T.gdf
847,3,3,22,RH,1,B0303T.gdf
848,3,3,23,RH,1,B0303T.gdf
849,3,3,25,RH,1,B0303T.gdf
850,3,3,26,RH,1,B0303T.gdf
851,3,3,27,RH,1,B0303T.gdf
852,3,3,28,RH,1,B0303T.gdf
853,3,3,29,LH,0,B0303T.gdf
854,3,3,31,RH,1,B0303T.gdf
855,3,3,32,RH,1,B0303T.gdf
856,3,3,33,LH,0,B0303T.gdf
857,3,3,34,LH,0,B0303T.gdf
858,3,3,35,RH,1,B0303T.gdf
859,3,3,36,RH,1,B0303T.gdf
860,3,3,37,LH,0,B0303T.gdf
861,3,3,38,RH,1,B0303T.gdf
862,3,3,39,LH,0,B0303T.gdf
863,3,3,40,RH,1,B0303T.gdf
864,3,3,41,RH,1,B0303T.gdf
865,3,3,42,LH,0,B0303T.gdf
866,3,3,43,LH,0,B0303T.gdf
867,3,3,44,RH,1,B0303T.gdf
868,3,3,45,LH,0,B0303T.gdf
869,3,3,46,LH,0,B0303T.gdf
870,3,3,47,LH,0,B0303T.gdf
871,3,3,49,LH,0,B0303T.gdf
872,3,3,50,LH,0,B0303T.gdf
873,3,3,52,RH,1,B0303T.gdf
874,3,3,53,RH,1,B0303T.gdf
875,3,3,54,LH,0,B0303T.gdf
876,3,3,57,RH,1,B0303T.gdf
877,3,3,59,RH,1,B0303T.gdf
878,3,3,60,LH,0,B0303T.gdf
879,3,3,61,RH,1,B0303T.gdf
880,3,3,62,LH,0,B0303T.gdf
881,3,3,64,RH,1,B0303T.gdf
882,3,3,65,RH,1,B0303T.gdf
883,3,3,67,LH,0,B0303T.gdf
884,3,3,68,LH,0,B0303T.gdf
885,3,3,69,LH,0,B0303T.gdf
886,3,3,70,LH,0,B0303T.gdf
887,3,3,71,RH,1,B0303T.gdf
888,3,3,72,RH,1,B0303T.gdf
889,3,3,73,RH,1,B0303T.gdf
890,3,3,74,LH,0,B0303T.gdf
891,3,3,76,RH,1,B0303T.gdf
892,3,3,77,RH,1,B0303T.gdf
893,3,3,78,LH,0,B0303T.gdf
894,3,3,79,LH,0,B0303T.gdf
895,3,3,80,RH,1,B0303T.gdf
896,3,3,81,RH,1,B0303T.gdf
897,3,3,82,RH,1,B0303T.gdf
898,3,3,83,RH,1,B0303T.gdf
899,3,3,84,LH,0,B0303T.gdf
900,3,3,86,LH,0,B0303T.gdf
901,3,3,87,LH,0,B0303T.gdf
902,3,3,88,RH,1,B0303T.gdf
903,3,3,89,RH,1,B0303T.gdf
904,3,3,90,LH,0,B0303T.gdf
905,3,3,91,LH,0,B0303T.gdf
906,3,3,93,LH,0,B0303T.gdf
907,3,3,94,LH,0,B0303T.gdf
908,3,3,97,RH,1,B0303T.gdf
909,3,3,98,RH,1,B0303T.gdf
910,3,3,99,RH,1,B0303T.gdf
911,3,3,101,RH,1,B0303T.gdf
912,3,3,102,LH,0,B0303T.gdf
913,3,3,103,LH,0,B0303T.gdf
914,3,3,104,RH,1,B0303T.gdf
915,3,3,106,LH,0,B0303T.gdf
916,3,3,107,RH,1,B0303T.gdf
917,3,3,108,LH,0,B0303T.gdf
918,3,3,111,LH,0,B0303T.gdf
919,3,3,112,RH,1,B0303T.gdf
920,3,3,113,RH,1,B0303T.gdf
921,3,3,117,LH,0,B0303T.gdf
922,3,3,118,RH,1,B0303T.gdf
923,3,3,120,LH,0,B0303T.gdf
924,3,3,121,LH,0,B0303T.gdf
925,3,3,122,LH,0,B0303T.gdf
926,3,3,124,LH,0,B0303T.gdf
927,3,3,125,LH,0,B0303T.gdf
928,3,3,129,RH,1,B0303T.gdf
929,3,3,130,LH,0,B0303T.gdf
930,3,3,131,RH,1,B0303T.gdf
931,3,3,132,RH,1,B0303T.gdf
932,3,3,134,LH,0,B0303T.gdf
933,3,3,136,RH,1,B0303T.gdf
934,3,3,137,RH,1,B0303T.gdf
935,3,3,138,RH,1,B0303T.gdf
936,3,3,140,LH,0,B0303T.gdf
937,3,3,142,LH,0,B0303T.gdf
938,3,3,143,RH,1,B0303T.gdf
939,3,3,145,LH,0,B0303T.gdf
940,3,3,147,RH,1,B0303T.gdf
941,3,3,149,LH,0,B0303T.gdf
942,3,3,150,RH,1,B0303T.gdf
943,3,3,152,RH,1,B0303T.gdf
944,3,3,153,RH,1,B0303T.gdf
945,3,3,154,RH,1,B0303T.gdf
946,3,3,156,RH,1,B0303T.gdf
947,3,3,158,RH,1,B0303T.gdf
948,3,3,159,RH,1,B0303T.gdf
949,3,3,160,LH,0,B0303T.gdf
950,4,1,1,LH,0,B0401T.gdf
951,4,1,2,LH,0,B0401T.gdf
952,4,1,3,RH,1,B0401T.gdf
953,4,1,4,LH,0,B0401T.gdf
954,4,1,5,RH,1,B0401T.gdf
955,4,1,6,RH,1,B0401T.gdf
956,4,1,7,LH,0,B0401T.gdf
957,4,1,8,LH,0,B0401T.gdf
958,4,1,9,RH,1,B0401T.gdf
959,4,1,10,RH,1,B0401T.gdf
960,4,1,11,RH,1,B0401T.gdf
961,4,1,12,LH,0,B0401T.gdf
962,4,1,13,LH,0,B0401T.gdf
963,4,1,14,LH,0,B0401T.gdf
964,4,1,15,LH,0,B0401T.gdf
965,4,1,16,RH,1,B0401T.gdf
966,4,1,17,RH,1,B0401T.gdf
967,4,1,18,RH,1,B0401T.gdf
968,4,1,19,LH,0,B0401T.gdf
969,4,1,20,RH,1,B0401T.gdf
970,4,1,22,LH,0,B0401T.gdf
971,4,1,23,RH,1,B0401T.gdf
972,4,1,24,RH,1,B0401T.gdf
973,4,1,25,LH,0,B0401T.gdf
974,4,1,26,RH,1,B0401T.gdf
975,4,1,27,LH,0,B0401T.gdf
976,4,1,28,RH,1,B0401T.gdf
977,4,1,29,LH,0,B0401T.gdf
978,4,1,30,RH,1,B0401T.gdf
979,4,1,31,RH,1,B0401T.gdf
980,4,1,32,LH,0,B0401T.gdf
981,4,1,33,RH,1,B0401T.gdf
982,4,1,34,LH,0,B0401T.gdf
983,4,1,35,RH,1,B0401T.gdf
984,4,1,36,RH,1,B0401T.gdf
985,4,1,37,LH,0,B0401T.gdf
986,4,1,38,LH,0,B0401T.gdf
987,4,1,39,LH,0,B0401T.gdf
988,4,1,40,RH,1,B0401T.gdf
989,4,1,41,LH,0,B0401T.gdf
990,4,1,42,LH,0,B0401T.gdf
991,4,1,43,LH,0,B0401T.gdf
992,4,1,44,RH,1,B0401T.gdf
993,4,1,45,RH,1,B0401T.gdf
994,4,1,46,RH,1,B0401T.gdf
995,4,1,47,LH,0,B0401T.gdf
996,4,1,48,RH,1,B0401T.gdf
997,4,1,49,RH,1,B0401T.gdf
998,4,1,50,LH,0,B0401T.gdf
999,4,1,51,LH,0,B0401T.gdf
1000,4,1,52,LH,0,B0401T.gdf
1001,4,1,53,LH,0,B0401T.gdf
1002,4,1,54,LH,0,B0401T.gdf
1003,4,1,55,RH,1,B0401T.gdf
1004,4,1,56,RH,1,B0401T.gdf
1005,4,1,57,RH,1,B0401T.gdf
1006,4,1,58,LH,0,B0401T.gdf
1007,4,1,59,RH,1,B0401T.gdf
1008,4,1,60,RH,1,B0401T.gdf
1009,4,1,62,LH,0,B0401T.gdf
1010,4,1,63,LH,0,B0401T.gdf
1011,4,1,64,RH,1,B0401T.gdf
1012,4,1,65,RH,1,B0401T.gdf
1013,4,1,66,LH,0,B0401T.gdf
1014,4,1,67,LH,0,B0401T.gdf
1015,4,1,68,LH,0,B0401T.gdf
1016,4,1,69,RH,1,B0401T.gdf
1017,4,1,70,RH,1,B0401T.gdf
1018,4,1,71,RH,1,B0401T.gdf
1019,4,1,72,LH,0,B0401T.gdf
1020,4,1,73,RH,1,B0401T.gdf
1021,4,1,74,RH,1,B0401T.gdf
1022,4,1,75,LH,0,B0401T.gdf
1023,4,1,76,LH,0,B0401T.gdf
1024,4,1,77,RH,1,B0401T.gdf
1025,4,1,79,RH,1,B0401T.gdf
1026,4,1,80,RH,1,B0401T.gdf
1027,4,1,81,RH,1,B0401T.gdf
1028,4,1,82,RH,1,B0401T.gdf
1029,4,1,83,RH,1,B0401T.gdf
1030,4,1,84,RH,1,B0401T.gdf
1031,4,1,85,LH,0,B0401T.gdf
1032,4,1,86,LH,0,B0401T.gdf
1033,4,1,87,LH,0,B0401T.gdf
1034,4,1,88,LH,0,B0401T.gdf
1035,4,1,89,RH,1,B0401T.gdf
1036,4,1,90,RH,1,B0401T.gdf
1037,4,1,91,RH,1,B0401T.gdf
1038,4,1,92,RH,1,B0401T.gdf
1039,4,1,93,RH,1,B0401T.gdf
1040,4,1,94,LH,0,B0401T.gdf
1041,4,1,95,LH,0,B0401T.gdf
1042,4,1,96,LH,0,B0401T.gdf
1043,4,1,97,LH,0,B0401T.gdf
1044,4,1,98,LH,0,B0401T.gdf
1045,4,1,99,LH,0,B0401T.gdf
1046,4,1,100,RH,1,B0401T.gdf
1047,4,1,101,RH,1,B0401T.gdf
1048,4,1,102,LH,0,B0401T.gdf
1049,4,1,103,LH,0,B0401T.gdf
1050,4,1,104,LH,0,B0401T.gdf
1051,4,1,105,LH,0,B0401T.gdf
1052,4,1,106,LH,0,B0401T.gdf
1053,4,1,107,RH,1,B0401T.gdf
1054,4,1,108,LH,0,B0401T.gdf
1055,4,1,109,LH,0,B0401T.gdf
1056,4,1,110,RH,1,B0401T.gdf
1057,4,1,111,LH,0,B0401T.gdf
1058,4,1,112,LH,0,B0401T.gdf
1059,4,1,113,RH,1,B0401T.gdf
1060,4,1,114,RH,1,B0401T.gdf
1061,4,1,115,RH,1,B0401T.gdf
1062,4,1,116,LH,0,B0401T.gdf
1063,4,1,117,RH,1,B0401T.gdf
1064,4,1,118,RH,1,B0401T.gdf
1065,4,1,119,RH,1,B0401T.gdf
1066,4,1,120,RH,1,B0401T.gdf
1067,4,2,1,LH,0,B0402T.gdf
1068,4,2,2,LH,0,B0402T.gdf
1069,4,2,4,LH,0,B0402T.gdf
1070,4,2,6,RH,1,B0402T.gdf
1071,4,2,7,LH,0,B0402T.gdf
1072,4,2,8,RH,1,B0402T.gdf
1073,4,2,9,LH,0,B0402T.gdf
1074,4,2,10,RH,1,B0402T.gdf
1075,4,2,11,RH,1,B0402T.gdf
1076,4,2,12,LH,0,B0402T.gdf
1077,4,2,13,LH,0,B0402T.gdf
1078,4,2,14,LH,0,B0402T.gdf
1079,4,2,15,LH,0,B0402T.gdf
1080,4,2,16,RH,1,B0402T.gdf
1081,4,2,17,RH,1,B0402T.gdf
1082,4,2,19,RH,1,B0402T.gdf
1083,4,2,20,LH,0,B0402T.gdf
1084,4,2,21,RH,1,B0402T.gdf
1085,4,2,22,LH,0,B0402T.gdf
1086,4,2,23,RH,1,B0402T.gdf
1087,4,2,24,LH,0,B0402T.gdf
1088,4,2,25,RH,1,B0402T.gdf
1089,4,2,26,RH,1,B0402T.gdf
1090,4,2,27,LH,0,B0402T.gdf
1091,4,2,28,LH,0,B0402T.gdf
1092,4,2,29,LH,0,B0402T.gdf
1093,4,2,30,RH,1,B0402T.gdf
1094,4,2,31,LH,0,B0402T.gdf
1095,4,2,32,RH,1,B0402T.gdf
1096,4,2,33,LH,0,B0402T.gdf
1097,4,2,34,LH,0,B0402T.gdf
1098,4,2,35,RH,1,B0402T.gdf
1099,4,2,36,RH,1,B0402T.gdf
1100,4,2,37,RH,1,B0402T.gdf
1101,4,2,38,RH,1,B0402T.gdf
1102,4,2,39,LH,0,B0402T.gdf
1103,4,2,40,LH,0,B0402T.gdf
1104,4,2,42,LH,0,B0402T.gdf
1105,4,2,43,LH,0,B0402T.gdf
1106,4,2,44,LH,0,B0402T.gdf
1107,4,2,45,RH,1,B0402T.gdf
1108,4,2,47,RH,1,B0402T.gdf
1109,4,2,48,RH,1,B0402T.gdf
1110,4,2,49,LH,0,B0402T.gdf
1111,4,2,50,RH,1,B0402T.gdf
1112,4,2,51,RH,1,B0402T.gdf
1113,4,2,52,LH,0,B0402T.gdf
1114,4,2,53,LH,0,B0402T.gdf
1115,4,2,54,RH,1,B0402T.gdf
1116,4,2,55,RH,1,B0402T.gdf
1117,4,2,56,LH,0,B0402T.gdf
1118,4,2,57,LH,0,B0402T.gdf
1119,4,2,58,RH,1,B0402T.gdf
1120,4,2,59,RH,1,B0402T.gdf
1121,4,2,60,RH,1,B0402T.gdf
1122,4,2,61,LH,0,B0402T.gdf
1123,4,2,62,LH,0,B0402T.gdf
1124,4,2,63,RH,1,B0402T.gdf
1125,4,2,64,RH,1,B0402T.gdf
1126,4,2,65,RH,1,B0402T.gdf
1127,4,2,66,LH,0,B0402T.gdf
1128,4,2,67,LH,0,B0402T.gdf
1129,4,2,68,LH,0,B0402T.gdf
1130,4,2,69,LH,0,B0402T.gdf
1131,4,2,70,RH,1,B0402T.gdf
1132,4,2,71,LH,0,B0402T.gdf
1133,4,2,72,RH,1,B0402T.gdf
1134,4,2,75,LH,0,B0402T.gdf
1135,4,2,76,RH,1,B0402T.gdf
1136,4,2,77,RH,1,B0402T.gdf
1137,4,2,78,LH,0,B0402T.gdf
1138,4,2,79,RH,1,B0402T.gdf
1139,4,2,80,LH,0,B0402T.gdf
1140,4,2,81,LH,0,B0402T.gdf
1141,4,2,82,LH,0,B0402T.gdf
1142,4,2,83,LH,0,B0402T.gdf
1143,4,2,84,LH,0,B0402T.gdf
1144,4,2,86,RH,1,B0402T.gdf
1145,4,2,87,RH,1,B0402T.gdf
1146,4,2,88,LH,0,B0402T.gdf
1147,4,2,90,RH,1,B0402T.gdf
1148,4,2,91,LH,0,B0402T.gdf
1149,4,2,92,RH,1,B0402T.gdf
1150,4,2,93,RH,1,B0402T.gdf
1151,4,2,94,LH,0,B0402T.gdf
1152,4,2,95,LH,0,B0402T.gdf
1153,4,2,96,RH,1,B0402T.gdf
1154,4,2,97,RH,1,B0402T.gdf
1155,4,2,98,RH,1,B0402T.gdf
1156,4,2,99,LH,0,B0402T.gdf
1157,4,2,100,RH,1,B0402T.gdf
1158,4,2,101,RH,1,B0402T.gdf
1159,4,2,104,RH,1,B0402T.gdf
1160,4,2,105,LH,0,B0402T.gdf
1161,4,2,106,RH,1,B0402T.gdf
1162,4,2,107,RH,1,B0402T.gdf
1163,4,2,108,LH,0,B0402T.gdf
1164,4,2,109,LH,0,B0402T.gdf
1165,4,2,110,LH,0,B0402T.gdf
1166,4,2,111,LH,0,B0402T.gdf
1167,4,2,112,LH,0,B0402T.gdf
1168,4,2,113,RH,1,B0402T.gdf
1169,4,2,114,LH,0,B0402T.gdf
1170,4,2,115,RH,1,B0402T.gdf
1171,4,2,116,LH,0,B0402T.gdf
1172,4,2,117,RH,1,B0402T.gdf
1173,4,2,118,RH,1,B0402T.gdf
1174,4,2,119,LH,0,B0402T.gdf
1175,4,2,120,RH,1,B0402T.gdf
1176,4,2,121,LH,0,B0402T.gdf
1177,4,2,122,RH,1,B0402T.gdf
1178,4,2,123,RH,1,B0402T.gdf
1179,4,2,124,LH,0,B0402T.gdf
1180,4,2,125,RH,1,B0402T.gdf
1181,4,2,126,LH,0,B0402T.gdf
1182,4,2,127,RH,1,B0402T.gdf
1183,4,2,128,LH,0,B0402T.gdf
1184,4,2,129,RH,1,B0402T.gdf
1185,4,2,130,LH,0,B0402T.gdf
1186,4,2,131,RH,1,B0402T.gdf
1187,4,2,132,RH,1,B0402T.gdf
1188,4,2,133,RH,1,B0402T.gdf
1189,4,2,134,LH,0,B0402T.gdf
1190,4,2,135,LH,0,B0402T.gdf
1191,4,2,136,LH,0,B0402T.gdf
1192,4,2,137,LH,0,B0402T.gdf
1193,4,2,138,RH,1,B0402T.gdf
1194,4,2,139,LH,0,B0402T.gdf
1195,4,2,140,RH,1,B0402T.gdf
1196,4,3,1,RH,1,B0403T.gdf
1197,4,3,2,LH,0,B0403T.gdf
1198,4,3,3,LH,0,B0403T.gdf
1199,4,3,4,RH,1,B0403T.gdf
1200,4,3,5,RH,1,B0403T.gdf
1201,4,3,6,LH,0,B0403T.gdf
1202,4,3,7,LH,0,B0403T.gdf
1203,4,3,8,RH,1,B0403T.gdf
1204,4,3,9,RH,1,B0403T.gdf
1205,4,3,10,RH,1,B0403T.gdf
1206,4,3,11,RH,1,B0403T.gdf
1207,4,3,12,LH,0,B0403T.gdf
1208,4,3,13,RH,1,B0403T.gdf
1209,4,3,14,RH,1,B0403T.gdf
1210,4,3,15,LH,0,B0403T.gdf
1211,4,3,16,RH,1,B0403T.gdf
1212,4,3,17,LH,0,B0403T.gdf
1213,4,3,19,RH,1,B0403T.gdf
1214,4,3,20,LH,0,B0403T.gdf
1215,4,3,21,RH,1,B0403T.gdf
1216,4,3,22,LH,0,B0403T.gdf
1217,4,3,23,LH,0,B0403T.gdf
1218,4,3,24,RH,1,B0403T.gdf
1219,4,3,25,LH,0,B0403T.gdf
1220,4,3,26,RH,1,B0403T.gdf
1221,4,3,27,LH,0,B0403T.gdf
1222,4,3,28,RH,1,B0403T.gdf
1223,4,3,29,RH,1,B0403T.gdf
1224,4,3,30,RH,1,B0403T.gdf
1225,4,3,31,LH,0,B0403T.gdf
1226,4,3,32,LH,0,B0403T.gdf
1227,4,3,33,LH,0,B0403T.gdf
1228,4,3,34,LH,0,B0403T.gdf
1229,4,3,35,LH,0,B0403T.gdf
1230,4,3,36,LH,0,B0403T.gdf
1231,4,3,37,RH,1,B0403T.gdf
1232,4,3,38,LH,0,B0403T.gdf
1233,4,3,39,RH,1,B0403T.gdf
1234,4,3,40,LH,0,B0403T.gdf
1235,4,3,42,LH,0,B0403T.gdf
1236,4,3,43,LH,0,B0403T.gdf
1237,4,3,44,RH,1,B0403T.gdf
1238,4,3,45,RH,1,B0403T.gdf
1239,4,3,46,LH,0,B0403T.gdf
1240,4,3,47,LH,0,B0403T.gdf
1241,4,3,48,RH,1,B0403T.gdf
1242,4,3,49,RH,1,B0403T.gdf
1243,4,3,50,LH,0,B0403T.gdf
1244,4,3,51,LH,0,B0403T.gdf
1245,4,3,52,RH,1,B0403T.gdf
1246,4,3,53,LH,0,B0403T.gdf
1247,4,3,54,RH,1,B0403T.gdf
1248,4,3,55,RH,1,B0403T.gdf
1249,4,3,56,RH,1,B0403T.gdf
1250,4,3,57,RH,1,B0403T.gdf
1251,4,3,58,RH,1,B0403T.gdf
1252,4,3,59,LH,0,B0403T.gdf
1253,4,3,60,RH,1,B0403T.gdf
1254,4,3,61,RH,1,B0403T.gdf
1255,4,3,62,LH,0,B0403T.gdf
1256,4,3,63,LH,0,B0403T.gdf
1257,4,3,64,LH,0,B0403T.gdf
1258,4,3,65,LH,0,B0403T.gdf
1259,4,3,66,RH,1,B0403T.gdf
1260,4,3,67,LH,0,B0403T.gdf
1261,4,3,68,RH,1,B0403T.gdf
1262,4,3,69,LH,0,B0403T.gdf
1263,4,3,70,LH,0,B0403T.gdf
1264,4,3,71,LH,0,B0403T.gdf
1265,4,3,72,RH,1,B0403T.gdf
1266,4,3,73,RH,1,B0403T.gdf
1267,4,3,74,LH,0,B0403T.gdf
1268,4,3,75,RH,1,B0403T.gdf
1269,4,3,76,LH,0,B0403T.gdf
1270,4,3,77,LH,0,B0403T.gdf
1271,4,3,78,RH,1,B0403T.gdf
1272,4,3,79,LH,0,B0403T.gdf
1273,4,3,80,RH,1,B0403T.gdf
1274,4,3,81,LH,0,B0403T.gdf
1275,4,3,82,RH,1,B0403T.gdf
1276,4,3,83,LH,0,B0403T.gdf
1277,4,3,84,RH,1,B0403T.gdf
1278,4,3,85,RH,1,B0403T.gdf
1279,4,3,86,LH,0,B0403T.gdf
1280,4,3,87,LH,0,B0403T.gdf
1281,4,3,88,LH,0,B0403T.gdf
1282,4,3,89,LH,0,B0403T.gdf
1283,4,3,90,RH,1,B0403T.gdf
1284,4,3,91,LH,0,B0403T.gdf
1285,4,3,92,RH,1,B0403T.gdf
1286,4,3,93,LH,0,B0403T.gdf
1287,4,3,94,LH,0,B0403T.gdf
1288,4,3,95,RH,1,B0403T.gdf
1289,4,3,96,RH,1,B0403T.gdf
1290,4,3,97,RH,1,B0403T.gdf
1291,4,3,98,RH,1,B0403T.gdf
1292,4,3,99,RH,1,B0403T.gdf
1293,4,3,100,LH,0,B0403T.gdf
1294,4,3,101,LH,0,B0403T.gdf
1295,4,3,102,RH,1,B0403T.gdf
1296,4,3,103,RH,1,B0403T.gdf
1297,4,3,104,LH,0,B0403T.gdf
1298,4,3,105,LH,0,B0403T.gdf
1299,4,3,107,RH,1,B0403T.gdf
1300,4,3,108,RH,1,B0403T.gdf
1301,4,3,109,RH,1,B0403T.gdf
1302,4,3,110,RH,1,B0403T.gdf
1303,4,3,111,RH,1,B0403T.gdf
1304,4,3,112,RH,1,B0403T.gdf
1305,4,3,113,RH,1,B0403T.gdf
1306,4,3,114,LH,0,B0403T.gdf
1307,4,3,115,LH,0,B0403T.gdf
1308,4,3,116,LH,0,B0403T.gdf
1309,4,3,117,LH,0,B0403T.gdf
1310,4,3,118,LH,0,B0403T.gdf
1311,4,3,119,LH,0,B0403T.gdf
1312,4,3,120,LH,0,B0403T.gdf
1313,4,3,121,LH,0,B0403T.gdf
1314,4,3,123,RH,1,B0403T.gdf
1315,4,3,125,RH,1,B0403T.gdf
1316,4,3,126,RH,1,B0403T.gdf
1317,4,3,127,RH,1,B0403T.gdf
1318,4,3,128,RH,1,B0403T.gdf
1319,4,3,129,LH,0,B0403T.gdf
1320,4,3,130,RH,1,B0403T.gdf
1321,4,3,131,RH,1,B0403T.gdf
1322,4,3,132,RH,1,B0403T.gdf
1323,4,3,134,RH,1,B0403T.gdf
1324,4,3,135,LH,0,B0403T.gdf
1325,4,3,136,LH,0,B0403T.gdf
1326,4,3,137,RH,1,B0403T.gdf
1327,4,3,138,LH,0,B0403T.gdf
1328,4,3,139,RH,1,B0403T.gdf
1329,4,3,140,RH,1,B0403T.gdf
1330,4,3,141,LH,0,B0403T.gdf
1331,4,3,142,LH,0,B0403T.gdf
1332,4,3,143,LH,0,B0403T.gdf
1333,4,3,144,LH,0,B0403T.gdf
1334,4,3,145,RH,1,B0403T.gdf
1335,4,3,146,LH,0,B0403T.gdf
1336,4,3,147,RH,1,B0403T.gdf
1337,4,3,148,RH,1,B0403T.gdf
1338,4,3,149,LH,0,B0403T.gdf
1339,4,3,150,LH,0,B0403T.gdf
1340,4,3,151,LH,0,B0403T.gdf
1341,4,3,152,LH,0,B0403T.gdf
1342,4,3,153,RH,1,B0403T.gdf
1343,4,3,154,RH,1,B0403T.gdf
1344,4,3,156,LH,0,B0403T.gdf
1345,4,3,157,LH,0,B0403T.gdf
1346,4,3,158,RH,1,B0403T.gdf
1347,4,3,159,LH,0,B0403T.gdf
1348,4,3,160,LH,0,B0403T.gdf
1349,5,1,1,RH,1,B0501T.gdf
1350,5,1,2,LH,0,B0501T.gdf
1351,5,1,5,RH,1,B0501T.gdf
1352,5,1,6,LH,0,B0501T.gdf
1353,5,1,7,RH,1,B0501T.gdf
1354,5,1,8,RH,1,B0501T.gdf
1355,5,1,10,RH,1,B0501T.gdf
1356,5,1,11,LH,0,B0501T.gdf
1357,5,1,12,RH,1,B0501T.gdf
1358,5,1,14,LH,0,B0501T.gdf
1359,5,1,15,RH,1,B0501T.gdf
1360,5,1,16,RH,1,B0501T.gdf
1361,5,1,17,LH,0,B0501T.gdf
1362,5,1,18,RH,1,B0501T.gdf
1363,5,1,19,RH,1,B0501T.gdf
1364,5,1,20,LH,0,B0501T.gdf
1365,5,1,21,RH,1,B0501T.gdf
1366,5,1,22,RH,1,B0501T.gdf
1367,5,1,23,LH,0,B0501T.gdf
1368,5,1,24,RH,1,B0501T.gdf
1369,5,1,25,LH,0,B0501T.gdf
1370,5,1,26,RH,1,B0501T.gdf
1371,5,1,27,LH,0,B0501T.gdf
1372,5,1,28,RH,1,B0501T.gdf
1373,5,1,29,RH,1,B0501T.gdf
1374,5,1,30,LH,0,B0501T.gdf
1375,5,1,32,LH,0,B0501T.gdf
1376,5,1,33,RH,1,B0501T.gdf
1377,5,1,34,RH,1,B0501T.gdf
1378,5,1,35,LH,0,B0501T.gdf
1379,5,1,36,LH,0,B0501T.gdf
1380,5,1,37,LH,0,B0501T.gdf
1381,5,1,38,LH,0,B0501T.gdf
1382,5,1,39,LH,0,B0501T.gdf
1383,5,1,40,RH,1,B0501T.gdf
1384,5,1,41,LH,0,B0501T.gdf
1385,5,1,43,LH,0,B0501T.gdf
1386,5,1,44,LH,0,B0501T.gdf
1387,5,1,45,LH,0,B0501T.gdf
1388,5,1,46,RH,1,B0501T.gdf
1389,5,1,47,LH,0,B0501T.gdf
1390,5,1,50,RH,1,B0501T.gdf
1391,5,1,51,RH,1,B0501T.gdf
1392,5,1,52,RH,1,B0501T.gdf
1393,5,1,53,RH,1,B0501T.gdf
1394,5,1,54,LH,0,B0501T.gdf
1395,5,1,55,RH,1,B0501T.gdf
1396,5,1,57,RH,1,B0501T.gdf
1397,5,1,58,LH,0,B0501T.gdf
1398,5,1,59,RH,1,B0501T.gdf
1399,5,1,60,LH,0,B0501T.gdf
1400,5,1,62,RH,1,B0501T.gdf
1401,5,1,63,LH,0,B0501T.gdf
1402,5,1,64,RH,1,B0501T.gdf
1403,5,1,66,RH,1,B0501T.gdf
1404,5,1,67,RH,1,B0501T.gdf
1405,5,1,68,LH,0,B0501T.gdf
1406,5,1,69,RH,1,B0501T.gdf
1407,5,1,71,RH,1,B0501T.gdf
1408,5,1,72,LH,0,B0501T.gdf
1409,5,1,73,LH,0,B0501T.gdf
1410,5,1,74,RH,1,B0501T.gdf
1411,5,1,75,LH,0,B0501T.gdf
1412,5,1,76,LH,0,B0501T.gdf
1413,5,1,77,LH,0,B0501T.gdf
1414,5,1,78,LH,0,B0501T.gdf
1415,5,1,79,RH,1,B0501T.gdf
1416,5,1,80,LH,0,B0501T.gdf
1417,5,1,83,RH,1,B0501T.gdf
1418,5,1,84,LH,0,B0501T.gdf
1419,5,1,86,RH,1,B0501T.gdf
1420,5,1,87,LH,0,B0501T.gdf
1421,5,1,88,RH,1,B0501T.gdf
1422,5,1,89,RH,1,B0501T.gdf
1423,5,1,90,RH,1,B0501T.gdf
1424,5,1,91,RH,1,B0501T.gdf
1425,5,1,92,LH,0,B0501T.gdf
1426,5,1,94,LH,0,B0501T.gdf
1427,5,1,95,LH,0,B0501T.gdf
1428,5,1,96,LH,0,B0501T.gdf
1429,5,1,97,LH,0,B0501T.gdf
1430,5,1,98,RH,1,B0501T.gdf
1431,5,1,99,RH,1,B0501T.gdf
1432,5,1,100,LH,0,B0501T.gdf
1433,5,1,101,LH,0,B0501T.gdf
1434,5,1,102,LH,0,B0501T.gdf
1435,5,1,103,RH,1,B0501T.gdf
1436,5,1,104,RH,1,B0501T.gdf
1437,5,1,105,RH,1,B0501T.gdf
1438,5,1,106,RH,1,B0501T.gdf
1439,5,1,107,RH,1,B0501T.gdf
1440,5,1,108,LH,0,B0501T.gdf
1441,5,1,109,LH,0,B0501T.gdf
1442,5,1,110,RH,1,B0501T.gdf
1443,5,1,112,LH,0,B0501T.gdf
1444,5,1,113,RH,1,B0501T.gdf
1445,5,1,114,LH,0,B0501T.gdf
1446,5,1,115,LH,0,B0501T.gdf
1447,5,1,116,LH,0,B0501T.gdf
1448,5,1,117,RH,1,B0501T.gdf
1449,5,1,118,LH,0,B0501T.gdf
1450,5,1,119,LH,0,B0501T.gdf
1451,5,1,120,RH,1,B0501T.gdf
1452,5,2,1,LH,0,B0502T.gdf
1453,5,2,2,LH,0,B0502T.gdf
1454,5,2,3,RH,1,B0502T.gdf
1455,5,2,4,LH,0,B0502T.gdf
1456,5,2,5,RH,1,B0502T.gdf
1457,5,2,6,RH,1,B0502T.gdf
1458,5,2,7,LH,0,B0502T.gdf
1459,5,2,8,RH,1,B0502T.gdf
1460,5,2,9,RH,1,B0502T.gdf
1461,5,2,10,LH,0,B0502T.gdf
1462,5,2,11,RH,1,B0502T.gdf
1463,5,2,12,LH,0,B0502T.gdf
1464,5,2,13,LH,0,B0502T.gdf
1465,5,2,14,RH,1,B0502T.gdf
1466,5,2,15,LH,0,B0502T.gdf
1467,5,2,16,RH,1,B0502T.gdf
1468,5,2,17,RH,1,B0502T.gdf
1469,5,2,18,LH,0,B0502T.gdf
1470,5,2,19,LH,0,B0502T.gdf
1471,5,2,20,RH,1,B0502T.gdf
1472,5,2,21,LH,0,B0502T.gdf
1473,5,2,22,LH,0,B0502T.gdf
1474,5,2,23,RH,1,B0502T.gdf
1475,5,2,24,RH,1,B0502T.gdf
1476,5,2,25,RH,1,B0502T.gdf
1477,5,2,26,LH,0,B0502T.gdf
1478,5,2,27,LH,0,B0502T.gdf
1479,5,2,28,RH,1,B0502T.gdf
1480,5,2,29,RH,1,B0502T.gdf
1481,5,2,30,LH,0,B0502T.gdf
1482,5,2,31,RH,1,B0502T.gdf
1483,5,2,32,RH,1,B0502T.gdf
1484,5,2,33,LH,0,B0502T.gdf
1485,5,2,34,LH,0,B0502T.gdf
1486,5,2,35,LH,0,B0502T.gdf
1487,5,2,36,RH,1,B0502T.gdf
1488,5,2,38,LH,0,B0502T.gdf
1489,5,2,40,RH,1,B0502T.gdf
1490,5,2,41,RH,1,B0502T.gdf
1491,5,2,42,LH,0,B0502T.gdf
1492,5,2,43,LH,0,B0502T.gdf
1493,5,2,44,LH,0,B0502T.gdf
1494,5,2,45,LH,0,B0502T.gdf
1495,5,2,46,LH,0,B0502T.gdf
1496,5,2,47,RH,1,B0502T.gdf
1497,5,2,48,LH,0,B0502T.gdf
1498,5,2,49,RH,1,B0502T.gdf
1499,5,2,50,LH,0,B0502T.gdf
1500,5,2,51,LH,0,B0502T.gdf
1501,5,2,52,LH,0,B0502T.gdf
1502,5,2,53,RH,1,B0502T.gdf
1503,5,2,54,RH,1,B0502T.gdf
1504,5,2,55,RH,1,B0502T.gdf
1505,5,2,56,RH,1,B0502T.gdf
1506,5,2,57,RH,1,B0502T.gdf
1507,5,2,58,RH,1,B0502T.gdf
1508,5,2,59,LH,0,B0502T.gdf
1509,5,2,60,RH,1,B0502T.gdf
1510,5,2,62,RH,1,B0502T.gdf
1511,5,2,63,LH,0,B0502T.gdf
1512,5,2,64,LH,0,B0502T.gdf
1513,5,2,65,RH,1,B0502T.gdf
1514,5,2,66,RH,1,B0502T.gdf
1515,5,2,67,RH,1,B0502T.gdf
1516,5,2,68,RH,1,B0502T.gdf
1517,5,2,69,RH,1,B0502T.gdf
1518,5,2,70,RH,1,B0502T.gdf
1519,5,2,71,RH,1,B0502T.gdf
1520,5,2,72,RH,1,B0502T.gdf
1521,5,2,73,LH,0,B0502T.gdf
1522,5,2,74,LH,0,B0502T.gdf
1523,5,2,75,LH,0,B0502T.gdf
1524,5,2,76,LH,0,B0502T.gdf
1525,5,2,77,RH,1,B0502T.gdf
1526,5,2,78,LH,0,B0502T.gdf
1527,5,2,79,LH,0,B0502T.gdf
1528,5,2,80,LH,0,B0502T.gdf
1529,5,2,81,LH,0,B0502T.gdf
1530,5,2,82,LH,0,B0502T.gdf
1531,5,2,83,RH,1,B0502T.gdf
1532,5,2,84,LH,0,B0502T.gdf
1533,5,2,85,RH,1,B0502T.gdf
1534,5,2,86,LH,0,B0502T.gdf
1535,5,2,87,LH,0,B0502T.gdf
1536,5,2,88,RH,1,B0502T.gdf
1537,5,2,89,LH,0,B0502T.gdf
1538,5,2,90,LH,0,B0502T.gdf
1539,5,2,91,LH,0,B0502T.gdf
1540,5,2,92,RH,1,B0502T.gdf
1541,5,2,93,RH,1,B0502T.gdf
1542,5,2,94,RH,1,B0502T.gdf
1543,5,2,95,LH,0,B0502T.gdf
1544,5,2,96,LH,0,B0502T.gdf
1545,5,2,97,RH,1,B0502T.gdf
1546,5,2,98,RH,1,B0502T.gdf
1547,5,2,99,RH,1,B0502T.gdf
1548,5,2,100,RH,1,B0502T.gdf
1549,5,2,101,RH,1,B0502T.gdf
1550,5,2,102,RH,1,B0502T.gdf
1551,5,2,103,LH,0,B0502T.gdf
1552,5,2,104,LH,0,B0502T.gdf
1553,5,2,105,LH,0,B0502T.gdf
1554,5,2,106,RH,1,B0502T.gdf
1555,5,2,107,LH,0,B0502T.gdf
1556,5,2,108,LH,0,B0502T.gdf
1557,5,2,109,LH,0,B0502T.gdf
1558,5,2,110,RH,1,B0502T.gdf
1559,5,2,111,RH,1,B0502T.gdf
1560,5,2,112,RH,1,B0502T.gdf
1561,5,2,113,RH,1,B0502T.gdf
1562,5,2,114,LH,0,B0502T.gdf
1563,5,2,115,RH,1,B0502T.gdf
1564,5,2,116,LH,0,B0502T.gdf
1565,5,2,117,LH,0,B0502T.gdf
1566,5,2,118,RH,1,B0502T.gdf
1567,5,2,119,LH,0,B0502T.gdf
1568,5,2,120,RH,1,B0502T.gdf
1569,5,2,121,RH,1,B0502T.gdf
1570,5,2,122,LH,0,B0502T.gdf
1571,5,2,123,LH,0,B0502T.gdf
1572,5,2,124,LH,0,B0502T.gdf
1573,5,2,125,LH,0,B0502T.gdf
1574,5,2,126,RH,1,B0502T.gdf
1575,5,2,128,LH,0,B0502T.gdf
1576,5,2,129,RH,1,B0502T.gdf
1577,5,2,130,LH,0,B0502T.gdf
1578,5,2,131,RH,1,B0502T.gdf
1579,5,2,132,RH,1,B0502T.gdf
1580,5,2,133,LH,0,B0502T.gdf
1581,5,2,134,RH,1,B0502T.gdf
1582,5,2,135,LH,0,B0502T.gdf
1583,5,2,136,LH,0,B0502T.gdf
1584,5,2,137,RH,1,B0502T.gdf
1585,5,2,138,LH,0,B0502T.gdf
1586,5,2,139,RH,1,B0502T.gdf
1587,5,2,140,RH,1,B0502T.gdf
1588,5,3,1,LH,0,B0503T.gdf
1589,5,3,2,RH,1,B0503T.gdf
1590,5,3,3,LH,0,B0503T.gdf
1591,5,3,4,RH,1,B0503T.gdf
1592,5,3,5,RH,1,B0503T.gdf
1593,5,3,6,LH,0,B0503T.gdf
1594,5,3,7,LH,0,B0503T.gdf
1595,5,3,9,LH,0,B0503T.gdf
1596,5,3,10,RH,1,B0503T.gdf
1597,5,3,11,LH,0,B0503T.gdf
1598,5,3,12,RH,1,B0503T.gdf
1599,5,3,13,LH,0,B0503T.gdf
1600,5,3,14,LH,0,B0503T.gdf
1601,5,3,15,RH,1,B0503T.gdf
1602,5,3,16,RH,1,B0503T.gdf
1603,5,3,17,RH,1,B0503T.gdf
1604,5,3,18,RH,1,B0503T.gdf
1605,5,3,19,RH,1,B0503T.gdf
1606,5,3,20,LH,0,B0503T.gdf
1607,5,3,21,LH,0,B0503T.gdf
1608,5,3,22,RH,1,B0503T.gdf
1609,5,3,23,RH,1,B0503T.gdf
1610,5,3,24,LH,0,B0503T.gdf
1611,5,3,26,RH,1,B0503T.gdf
1612,5,3,27,RH,1,B0503T.gdf
1613,5,3,28,RH,1,B0503T.gdf
1614,5,3,30,RH,1,B0503T.gdf
1615,5,3,31,RH,1,B0503T.gdf
1616,5,3,32,RH,1,B0503T.gdf
1617,5,3,33,RH,1,B0503T.gdf
1618,5,3,34,LH,0,B0503T.gdf
1619,5,3,35,LH,0,B0503T.gdf
1620,5,3,36,LH,0,B0503T.gdf
1621,5,3,37,LH,0,B0503T.gdf
1622,5,3,38,LH,0,B0503T.gdf
1623,5,3,39,LH,0,B0503T.gdf
1624,5,3,40,LH,0,B0503T.gdf
1625,5,3,41,LH,0,B0503T.gdf
1626,5,3,42,LH,0,B0503T.gdf
1627,5,3,43,RH,1,B0503T.gdf
1628,5,3,45,RH,1,B0503T.gdf
1629,5,3,47,RH,1,B0503T.gdf
1630,5,3,52,RH,1,B0503T.gdf
1631,5,3,53,RH,1,B0503T.gdf
1632,5,3,58,LH,0,B0503T.gdf
1633,5,3,60,RH,1,B0503T.gdf
1634,5,3,61,LH,0,B0503T.gdf
1635,5,3,62,LH,0,B0503T.gdf
1636,5,3,63,LH,0,B0503T.gdf
1637,5,3,64,LH,0,B0503T.gdf
1638,5,3,65,RH,1,B0503T.gdf
1639,5,3,66,LH,0,B0503T.gdf
1640,5,3,67,RH,1,B0503T.gdf
1641,5,3,68,RH,1,B0503T.gdf
1642,5,3,69,LH,0,B0503T.gdf
1643,5,3,70,LH,0,B0503T.gdf
1644,5,3,71,LH,0,B0503T.gdf
1645,5,3,72,LH,0,B0503T.gdf
1646,5,3,73,RH,1,B0503T.gdf
1647,5,3,74,RH,1,B0503T.gdf
1648,5,3,75,LH,0,B0503T.gdf
1649,5,3,76,LH,0,B0503T.gdf
1650,5,3,77,LH,0,B0503T.gdf
1651,5,3,78,RH,1,B0503T.gdf
1652,5,3,79,LH,0,B0503T.gdf
1653,5,3,80,LH,0,B0503T.gdf
1654,5,3,81,RH,1,B0503T.gdf
1655,5,3,84,LH,0,B0503T.gdf
1656,5,3,85,LH,0,B0503T.gdf
1657,5,3,86,RH,1,B0503T.gdf
1658,5,3,87,RH,1,B0503T.gdf
1659,5,3,88,LH,0,B0503T.gdf
1660,5,3,89,LH,0,B0503T.gdf
1661,5,3,90,RH,1,B0503T.gdf
1662,5,3,91,LH,0,B0503T.gdf
1663,5,3,92,LH,0,B0503T.gdf
1664,5,3,93,LH,0,B0503T.gdf
1665,5,3,94,RH,1,B0503T.gdf
1666,5,3,95,LH,0,B0503T.gdf
1667,5,3,96,RH,1,B0503T.gdf
1668,5,3,97,LH,0,B0503T.gdf
1669,5,3,98,LH,0,B0503T.gdf
1670,5,3,99,RH,1,B0503T.gdf
1671,5,3,100,LH,0,B0503T.gdf
1672,5,3,101,RH,1,B0503T.gdf
1673,5,3,102,LH,0,B0503T.gdf
1674,5,3,103,RH,1,B0503T.gdf
1675,5,3,104,LH,0,B0503T.gdf
1676,5,3,105,RH,1,B0503T.gdf
1677,5,3,106,LH,0,B0503T.gdf
1678,5,3,107,RH,1,B0503T.gdf
1679,5,3,108,LH,0,B0503T.gdf
1680,5,3,109,RH,1,B0503T.gdf
1681,5,3,110,LH,0,B0503T.gdf
1682,5,3,111,RH,1,B0503T.gdf
1683,5,3,112,RH,1,B0503T.gdf
1684,5,3,113,LH,0,B0503T.gdf
1685,5,3,114,LH,0,B0503T.gdf
1686,5,3,115,RH,1,B0503T.gdf
1687,5,3,116,LH,0,B0503T.gdf
1688,5,3,117,RH,1,B0503T.gdf
1689,5,3,118,LH,0,B0503T.gdf
1690,5,3,119,RH,1,B0503T.gdf
1691,5,3,120,RH,1,B0503T.gdf
1692,5,3,121,LH,0,B0503T.gdf
1693,5,3,122,RH,1,B0503T.gdf
1694,5,3,123,RH,1,B0503T.gdf
1695,5,3,124,RH,1,B0503T.gdf
1696,5,3,125,RH,1,B0503T.gdf
1697,5,3,126,RH,1,B0503T.gdf
1698,5,3,127,LH,0,B0503T.gdf
1699,5,3,128,RH,1,B0503T.gdf
1700,5,3,129,RH,1,B0503T.gdf
1701,5,3,130,RH,1,B0503T.gdf
1702,5,3,131,LH,0,B0503T.gdf
1703,5,3,132,RH,1,B0503T.gdf
1704,5,3,133,LH,0,B0503T.gdf
1705,5,3,134,RH,1,B0503T.gdf
1706,5,3,135,RH,1,B0503T.gdf
1707,5,3,136,LH,0,B0503T.gdf
1708,5,3,137,LH,0,B0503T.gdf
1709,5,3,138,RH,1,B0503T.gdf
1710,5,3,139,LH,0,B0503T.gdf
1711,5,3,140,LH,0,B0503T.gdf
1712,5,3,141,RH,1,B0503T.gdf
1713,5,3,142,RH,1,B0503T.gdf
1714,5,3,143,LH,0,B0503T.gdf
1715,5,3,144,RH,1,B0503T.gdf
1716,5,3,145,LH,0,B0503T.gdf
1717,5,3,146,RH,1,B0503T.gdf
1718,5,3,147,RH,1,B0503T.gdf
1719,5,3,148,LH,0,B0503T.gdf
1720,5,3,149,LH,0,B0503T.gdf
1721,5,3,150,RH,1,B0503T.gdf
1722,5,3,151,LH,0,B0503T.gdf
1723,5,3,152,RH,1,B0503T.gdf
1724,5,3,153,LH,0,B0503T.gdf
1725,5,3,155,LH,0,B0503T.gdf
1726,5,3,156,LH,0,B0503T.gdf
1727,5,3,157,LH,0,B0503T.gdf
1728,5,3,158,LH,0,B0503T.gdf
1729,5,3,159,RH,1,B0503T.gdf
1730,5,3,160,LH,0,B0503T.gdf
1731,6,1,1,RH,1,B0601T.gdf
1732,6,1,2,LH,0,B0601T.gdf
1733,6,1,3,LH,0,B0601T.gdf
1734,6,1,4,RH,1,B0601T.gdf
1735,6,1,5,LH,0,B0601T.gdf
1736,6,1,6,LH,0,B0601T.gdf
1737,6,1,8,LH,0,B0601T.gdf
1738,6,1,9,LH,0,B0601T.gdf
1739,6,1,12,RH,1,B0601T.gdf
1740,6,1,13,LH,0,B0601T.gdf
1741,6,1,15,RH,1,B0601T.gdf
1742,6,1,16,RH,1,B0601T.gdf
1743,6,1,20,RH,1,B0601T.gdf
1744,6,1,23,RH,1,B0601T.gdf
1745,6,1,24,RH,1,B0601T.gdf
1746,6,1,25,RH,1,B0601T.gdf
1747,6,1,26,RH,1,B0601T.gdf
1748,6,1,27,RH,1,B0601T.gdf
1749,6,1,29,RH,1,B0601T.gdf
1750,6,1,30,LH,0,B0601T.gdf
1751,6,1,31,LH,0,B0601T.gdf
1752,6,1,33,LH,0,B0601T.gdf
1753,6,1,38,LH,0,B0601T.gdf
1754,6,1,40,RH,1,B0601T.gdf
1755,6,1,42,RH,1,B0601T.gdf
1756,6,1,43,RH,1,B0601T.gdf
1757,6,1,46,LH,0,B0601T.gdf
1758,6,1,48,RH,1,B0601T.gdf
1759,6,1,49,RH,1,B0601T.gdf
1760,6,1,50,LH,0,B0601T.gdf
1761,6,1,54,RH,1,B0601T.gdf
1762,6,1,55,LH,0,B0601T.gdf
1763,6,1,56,LH,0,B0601T.gdf
1764,6,1,57,LH,0,B0601T.gdf
1765,6,1,59,RH,1,B0601T.gdf
1766,6,1,63,LH,0,B0601T.gdf
1767,6,1,64,LH,0,B0601T.gdf
1768,6,1,65,LH,0,B0601T.gdf
1769,6,1,66,RH,1,B0601T.gdf
1770,6,1,67,RH,1,B0601T.gdf
1771,6,1,68,RH,1,B0601T.gdf
1772,6,1,69,RH,1,B0601T.gdf
1773,6,1,70,LH,0,B0601T.gdf
1774,6,1,71,RH,1,B0601T.gdf
1775,6,1,72,RH,1,B0601T.gdf
1776,6,1,73,LH,0,B0601T.gdf
1777,6,1,74,RH,1,B0601T.gdf
1778,6,1,75,LH,0,B0601T.gdf
1779,6,1,77,RH,1,B0601T.gdf
1780,6,1,78,LH,0,B0601T.gdf
1781,6,1,79,RH,1,B0601T.gdf
1782,6,1,80,LH,0,B0601T.gdf
1783,6,1,85,RH,1,B0601T.gdf
1784,6,1,86,RH,1,B0601T.gdf
1785,6,1,87,RH,1,B0601T.gdf
1786,6,1,89,LH,0,B0601T.gdf
1787,6,1,90,RH,1,B0601T.gdf
1788,6,1,91,LH,0,B0601T.gdf
1789,6,1,93,RH,1,B0601T.gdf
1790,6,1,95,LH,0,B0601T.gdf
1791,6,1,96,LH,0,B0601T.gdf
1792,6,1,97,RH,1,B0601T.gdf
1793,6,1,98,LH,0,B0601T.gdf
1794,6,1,99,LH,0,B0601T.gdf
1795,6,1,100,RH,1,B0601T.gdf
1796,6,1,102,RH,1,B0601T.gdf
1797,6,1,104,LH,0,B0601T.gdf
1798,6,1,106,LH,0,B0601T.gdf
1799,6,1,108,RH,1,B0601T.gdf
1800,6,1,109,LH,0,B0601T.gdf
1801,6,1,110,LH,0,B0601T.gdf
1802,6,1,113,RH,1,B0601T.gdf
1803,6,1,115,LH,0,B0601T.gdf
1804,6,1,117,RH,1,B0601T.gdf
1805,6,1,119,RH,1,B0601T.gdf
1806,6,1,120,RH,1,B0601T.gdf
1807,6,2,2,LH,0,B0602T.gdf
1808,6,2,3,LH,0,B0602T.gdf
1809,6,2,4,RH,1,B0602T.gdf
1810,6,2,5,LH,0,B0602T.gdf
1811,6,2,6,LH,0,B0602T.gdf
1812,6,2,8,LH,0,B0602T.gdf
1813,6,2,9,LH,0,B0602T.gdf
1814,6,2,10,RH,1,B0602T.gdf
1815,6,2,11,LH,0,B0602T.gdf
1816,6,2,15,RH,1,B0602T.gdf
1817,6,2,16,RH,1,B0602T.gdf
1818,6,2,17,LH,0,B0602T.gdf
1819,6,2,18,RH,1,B0602T.gdf
1820,6,2,19,RH,1,B0602T.gdf
1821,6,2,20,RH,1,B0602T.gdf
1822,6,2,21,LH,0,B0602T.gdf
1823,6,2,22,RH,1,B0602T.gdf
1824,6,2,24,RH,1,B0602T.gdf
1825,6,2,25,RH,1,B0602T.gdf
1826,6,2,26,RH,1,B0602T.gdf
1827,6,2,28,RH,1,B0602T.gdf
1828,6,2,30,LH,0,B0602T.gdf
1829,6,2,32,LH,0,B0602T.gdf
1830,6,2,33,LH,0,B0602T.gdf
1831,6,2,36,LH,0,B0602T.gdf
1832,6,2,39,LH,0,B0602T.gdf
1833,6,2,40,RH,1,B0602T.gdf
1834,6,2,43,RH,1,B0602T.gdf
1835,6,2,44,LH,0,B0602T.gdf
1836,6,2,45,RH,1,B0602T.gdf
1837,6,2,46,LH,0,B0602T.gdf
1838,6,2,47,RH,1,B0602T.gdf
1839,6,2,50,LH,0,B0602T.gdf
1840,6,2,51,LH,0,B0602T.gdf
1841,6,2,52,LH,0,B0602T.gdf
1842,6,2,53,RH,1,B0602T.gdf
1843,6,2,54,RH,1,B0602T.gdf
1844,6,2,57,LH,0,B0602T.gdf
1845,6,2,58,RH,1,B0602T.gdf
1846,6,2,59,RH,1,B0602T.gdf
1847,6,2,60,LH,0,B0602T.gdf
1848,6,2,62,RH,1,B0602T.gdf
1849,6,2,63,LH,0,B0602T.gdf
1850,6,2,64,LH,0,B0602T.gdf
1851,6,2,66,RH,1,B0602T.gdf
1852,6,2,67,RH,1,B0602T.gdf
1853,6,2,68,RH,1,B0602T.gdf
1854,6,2,69,RH,1,B0602T.gdf
1855,6,2,70,LH,0,B0602T.gdf
1856,6,2,71,RH,1,B0602T.gdf
1857,6,2,73,LH,0,B0602T.gdf
1858,6,2,74,RH,1,B0602T.gdf
1859,6,2,76,LH,0,B0602T.gdf
1860,6,2,77,RH,1,B0602T.gdf
1861,6,2,78,LH,0,B0602T.gdf
1862,6,2,79,RH,1,B0602T.gdf
1863,6,2,80,LH,0,B0602T.gdf
1864,6,2,82,RH,1,B0602T.gdf
1865,6,2,84,RH,1,B0602T.gdf
1866,6,2,87,RH,1,B0602T.gdf
1867,6,2,88,LH,0,B0602T.gdf
1868,6,2,89,LH,0,B0602T.gdf
1869,6,2,90,RH,1,B0602T.gdf
1870,6,2,91,LH,0,B0602T.gdf
1871,6,2,92,LH,0,B0602T.gdf
1872,6,2,93,RH,1,B0602T.gdf
1873,6,2,94,LH,0,B0602T.gdf
1874,6,2,95,LH,0,B0602T.gdf
1875,6,2,97,RH,1,B0602T.gdf
1876,6,2,100,RH,1,B0602T.gdf
1877,6,2,104,LH,0,B0602T.gdf
1878,6,2,105,LH,0,B0602T.gdf
1879,6,2,106,LH,0,B0602T.gdf
1880,6,2,107,RH,1,B0602T.gdf
1881,6,2,109,LH,0,B0602T.gdf
1882,6,2,111,RH,1,B0602T.gdf
1883,6,2,112,LH,0,B0602T.gdf
1884,6,2,113,RH,1,B0602T.gdf
1885,6,2,114,LH,0,B0602T.gdf
1886,6,2,115,LH,0,B0602T.gdf
1887,6,2,116,LH,0,B0602T.gdf
1888,6,2,117,RH,1,B0602T.gdf
1889,6,2,118,RH,1,B0602T.gdf
1890,6,2,119,RH,1,B0602T.gdf
1891,6,2,120,RH,1,B0602T.gdf
1892,6,3,1,LH,0,B0603T.gdf
1893,6,3,2,LH,0,B0603T.gdf
1894,6,3,3,RH,1,B0603T.gdf
1895,6,3,4,LH,0,B0603T.gdf
1896,6,3,5,RH,1,B0603T.gdf
1897,6,3,6,RH,1,B0603T.gdf
1898,6,3,7,RH,1,B0603T.gdf
1899,6,3,8,LH,0,B0603T.gdf
1900,6,3,9,LH,0,B0603T.gdf
1901,6,3,10,RH,1,B0603T.gdf
1902,6,3,11,RH,1,B0603T.gdf
1903,6,3,12,RH,1,B0603T.gdf
1904,6,3,13,LH,0,B0603T.gdf
1905,6,3,14,LH,0,B0603T.gdf
1906,6,3,16,LH,0,B0603T.gdf
1907,6,3,17,RH,1,B0603T.gdf
1908,6,3,18,RH,1,B0603T.gdf
1909,6,3,19,RH,1,B0603T.gdf
1910,6,3,20,LH,0,B0603T.gdf
1911,6,3,21,RH,1,B0603T.gdf
1912,6,3,23,LH,0,B0603T.gdf
1913,6,3,26,RH,1,B0603T.gdf
1914,6,3,27,RH,1,B0603T.gdf
1915,6,3,29,RH,1,B0603T.gdf
1916,6,3,30,RH,1,B0603T.gdf
1917,6,3,31,LH,0,B0603T.gdf
1918,6,3,33,LH,0,B0603T.gdf
1919,6,3,34,RH,1,B0603T.gdf
1920,6,3,35,LH,0,B0603T.gdf
1921,6,3,36,RH,1,B0603T.gdf
1922,6,3,37,RH,1,B0603T.gdf
1923,6,3,38,RH,1,B0603T.gdf
1924,6,3,40,LH,0,B0603T.gdf
1925,6,3,41,LH,0,B0603T.gdf
1926,6,3,42,RH,1,B0603T.gdf
1927,6,3,43,RH,1,B0603T.gdf
1928,6,3,44,RH,1,B0603T.gdf
1929,6,3,45,LH,0,B0603T.gdf
1930,6,3,46,LH,0,B0603T.gdf
1931,6,3,47,RH,1,B0603T.gdf
1932,6,3,48,LH,0,B0603T.gdf
1933,6,3,49,RH,1,B0603T.gdf
1934,6,3,51,LH,0,B0603T.gdf
1935,6,3,52,LH,0,B0603T.gdf
1936,6,3,53,RH,1,B0603T.gdf
1937,6,3,54,RH,1,B0603T.gdf
1938,6,3,55,LH,0,B0603T.gdf
1939,6,3,56,RH,1,B0603T.gdf
1940,6,3,58,LH,0,B0603T.gdf
1941,6,3,59,LH,0,B0603T.gdf
1942,6,3,60,RH,1,B0603T.gdf
1943,6,3,61,LH,0,B0603T.gdf
1944,6,3,62,LH,0,B0603T.gdf
1945,6,3,63,RH,1,B0603T.gdf
1946,6,3,64,LH,0,B0603T.gdf
1947,6,3,65,RH,1,B0603T.gdf
1948,6,3,66,RH,1,B0603T.gdf
1949,6,3,67,RH,1,B0603T.gdf
1950,6,3,68,LH,0,B0603T.gdf
1951,6,3,69,LH,0,B0603T.gdf
1952,6,3,70,LH,0,B0603T.gdf
1953,6,3,71,RH,1,B0603T.gdf
1954,6,3,73,RH,1,B0603T.gdf
1955,6,3,74,LH,0,B0603T.gdf
1956,6,3,75,LH,0,B0603T.gdf
1957,6,3,76,LH,0,B0603T.gdf
1958,6,3,78,RH,1,B0603T.gdf
1959,6,3,79,RH,1,B0603T.gdf
1960,6,3,80,RH,1,B0603T.gdf
1961,6,3,81,RH,1,B0603T.gdf
1962,6,3,82,RH,1,B0603T.gdf
1963,6,3,83,LH,0,B0603T.gdf
1964,6,3,84,LH,0,B0603T.gdf
1965,6,3,85,RH,1,B0603T.gdf
1966,6,3,86,RH,1,B0603T.gdf
1967,6,3,87,LH,0,B0603T.gdf
1968,6,3,88,LH,0,B0603T.gdf
1969,6,3,89,LH,0,B0603T.gdf
1970,6,3,90,LH,0,B0603T.gdf
1971,6,3,91,LH,0,B0603T.gdf
1972,6,3,92,LH,0,B0603T.gdf
1973,6,3,94,RH,1,B0603T.gdf
1974,6,3,95,LH,0,B0603T.gdf
1975,6,3,96,LH,0,B0603T.gdf
1976,6,3,97,RH,1,B0603T.gdf
1977,6,3,98,LH,0,B0603T.gdf
1978,6,3,99,RH,1,B0603T.gdf
1979,6,3,100,RH,1,B0603T.gdf
1980,6,3,101,RH,1,B0603T.gdf
1981,6,3,102,RH,1,B0603T.gdf
1982,6,3,103,LH,0,B0603T.gdf
1983,6,3,104,LH,0,B0603T.gdf
1984,6,3,105,LH,0,B0603T.gdf
1985,6,3,106,RH,1,B0603T.gdf
1986,6,3,107,RH,1,B0603T.gdf
1987,6,3,108,LH,0,B0603T.gdf
1988,6,3,109,LH,0,B0603T.gdf
1989,6,3,110,RH,1,B0603T.gdf
1990,6,3,111,RH,1,B0603T.gdf
1991,6,3,112,RH,1,B0603T.gdf
1992,6,3,115,RH,1,B0603T.gdf
1993,6,3,117,LH,0,B0603T.gdf
1994,6,3,118,RH,1,B0603T.gdf
1995,6,3,119,LH,0,B0603T.gdf
1996,6,3,120,RH,1,B0603T.gdf
1997,6,3,121,RH,1,B0603T.gdf
1998,6,3,122,LH,0,B0603T.gdf
1999,6,3,124,RH,1,B0603T.gdf
2000,6,3,125,LH,0,B0603T.gdf
2001,6,3,126,LH,0,B0603T.gdf
2002,6,3,128,RH,1,B0603T.gdf
2003,6,3,130,LH,0,B0603T.gdf
2004,6,3,132,RH,1,B0603T.gdf
2005,6,3,133,RH,1,B0603T.gdf
2006,6,3,137,LH,0,B0603T.gdf
2007,6,3,138,LH,0,B0603T.gdf
2008,6,3,140,LH,0,B0603T.gdf
2009,6,3,141,LH,0,B0603T.gdf
2010,6,3,142,RH,1,B0603T.gdf
2011,6,3,143,RH,1,B0603T.gdf
2012,6,3,144,LH,0,B0603T.gdf
2013,6,3,146,RH,1,B0603T.gdf
2014,6,3,147,RH,1,B0603T.gdf
2015,6,3,148,LH,0,B0603T.gdf
2016,6,3,149,LH,0,B0603T.gdf
2017,6,3,150,LH,0,B0603T.gdf
2018,6,3,151,RH,1,B0603T.gdf
2019,6,3,152,RH,1,B0603T.gdf
2020,6,3,153,LH,0,B0603T.gdf
2021,6,3,155,RH,1,B0603T.gdf
2022,6,3,156,LH,0,B0603T.gdf
2023,6,3,157,RH,1,B0603T.gdf
2024,6,3,158,LH,0,B0603T.gdf
2025,6,3,160,RH,1,B0603T.gdf
2026,7,1,2,LH,0,B0701T.gdf
2027,7,1,4,RH,1,B0701T.gdf
2028,7,1,5,LH,0,B0701T.gdf
2029,7,1,6,LH,0,B0701T.gdf
2030,7,1,7,RH,1,B0701T.gdf
2031,7,1,8,LH,0,B0701T.gdf
2032,7,1,9,LH,0,B0701T.gdf
2033,7,1,10,RH,1,B0701T.gdf
2034,7,1,11,LH,0,B0701T.gdf
2035,7,1,13,LH,0,B0701T.gdf
2036,7,1,14,LH,0,B0701T.gdf
2037,7,1,15,RH,1,B0701T.gdf
2038,7,1,16,RH,1,B0701T.gdf
2039,7,1,17,LH,0,B0701T.gdf
2040,7,1,18,RH,1,B0701T.gdf
2041,7,1,19,RH,1,B0701T.gdf
2042,7,1,20,RH,1,B0701T.gdf
2043,7,1,21,LH,0,B0701T.gdf
2044,7,1,22,RH,1,B0701T.gdf
2045,7,1,23,RH,1,B0701T.gdf
2046,7,1,24,RH,1,B0701T.gdf
2047,7,1,25,RH,1,B0701T.gdf
2048,7,1,26,RH,1,B0701T.gdf
2049,7,1,27,RH,1,B0701T.gdf
2050,7,1,28,RH,1,B0701T.gdf
2051,7,1,30,LH,0,B0701T.gdf
2052,7,1,31,LH,0,B0701T.gdf
2053,7,1,32,LH,0,B0701T.gdf
2054,7,1,33,LH,0,B0701T.gdf
2055,7,1,34,LH,0,B0701T.gdf
2056,7,1,36,LH,0,B0701T.gdf
2057,7,1,37,LH,0,B0701T.gdf
2058,7,1,38,LH,0,B0701T.gdf
2059,7,1,39,LH,0,B0701T.gdf
2060,7,1,40,RH,1,B0701T.gdf
2061,7,1,41,LH,0,B0701T.gdf
2062,7,1,42,RH,1,B0701T.gdf
2063,7,1,43,RH,1,B0701T.gdf
2064,7,1,44,LH,0,B0701T.gdf
2065,7,1,45,RH,1,B0701T.gdf
2066,7,1,46,LH,0,B0701T.gdf
2067,7,1,47,RH,1,B0701T.gdf
2068,7,1,48,RH,1,B0701T.gdf
2069,7,1,49,RH,1,B0701T.gdf
2070,7,1,50,LH,0,B0701T.gdf
2071,7,1,51,LH,0,B0701T.gdf
2072,7,1,52,LH,0,B0701T.gdf
2073,7,1,53,RH,1,B0701T.gdf
2074,7,1,54,RH,1,B0701T.gdf
2075,7,1,55,LH,0,B0701T.gdf
2076,7,1,56,LH,0,B0701T.gdf
2077,7,1,57,LH,0,B0701T.gdf
2078,7,1,58,RH,1,B0701T.gdf
2079,7,1,62,RH,1,B0701T.gdf
2080,7,1,64,LH,0,B0701T.gdf
2081,7,1,65,LH,0,B0701T.gdf
2082,7,1,66,RH,1,B0701T.gdf
2083,7,1,67,RH,1,B0701T.gdf
2084,7,1,69,RH,1,B0701T.gdf
2085,7,1,70,LH,0,B0701T.gdf
2086,7,1,71,RH,1,B0701T.gdf
2087,7,1,72,RH,1,B0701T.gdf
2088,7,1,73,LH,0,B0701T.gdf
2089,7,1,74,RH,1,B0701T.gdf
2090,7,1,75,LH,0,B0701T.gdf
2091,7,1,76,LH,0,B0701T.gdf
2092,7,1,77,RH,1,B0701T.gdf
2093,7,1,78,LH,0,B0701T.gdf
2094,7,1,79,RH,1,B0701T.gdf
2095,7,1,80,LH,0,B0701T.gdf
2096,7,1,82,RH,1,B0701T.gdf
2097,7,1,83,RH,1,B0701T.gdf
2098,7,1,84,RH,1,B0701T.gdf
2099,7,1,85,RH,1,B0701T.gdf
2100,7,1,86,RH,1,B0701T.gdf
2101,7,1,87,RH,1,B0701T.gdf
2102,7,1,88,LH,0,B0701T.gdf
2103,7,1,89,LH,0,B0701T.gdf
2104,7,1,90,RH,1,B0701T.gdf
2105,7,1,91,LH,0,B0701T.gdf
2106,7,1,92,LH,0,B0701T.gdf
2107,7,1,93,RH,1,B0701T.gdf
2108,7,1,94,LH,0,B0701T.gdf
2109,7,1,95,LH,0,B0701T.gdf
2110,7,1,96,LH,0,B0701T.gdf
2111,7,1,97,RH,1,B0701T.gdf
2112,7,1,98,LH,0,B0701T.gdf
2113,7,1,99,LH,0,B0701T.gdf
2114,7,1,100,RH,1,B0701T.gdf
2115,7,1,102,RH,1,B0701T.gdf
2116,7,1,103,LH,0,B0701T.gdf
2117,7,1,104,LH,0,B0701T.gdf
2118,7,1,105,LH,0,B0701T.gdf
2119,7,1,106,LH,0,B0701T.gdf
2120,7,1,107,RH,1,B0701T.gdf
2121,7,1,108,RH,1,B0701T.gdf
2122,7,1,109,LH,0,B0701T.gdf
2123,7,1,110,LH,0,B0701T.gdf
2124,7,1,111,RH,1,B0701T.gdf
2125,7,1,112,LH,0,B0701T.gdf
2126,7,1,114,LH,0,B0701T.gdf
2127,7,1,115,LH,0,B0701T.gdf
2128,7,1,116,LH,0,B0701T.gdf
2129,7,1,117,RH,1,B0701T.gdf
2130,7,1,118,RH,1,B0701T.gdf
2131,7,1,119,RH,1,B0701T.gdf
2132,7,1,120,RH,1,B0701T.gdf
2133,7,2,1,LH,0,B0702T.gdf
2134,7,2,2,LH,0,B0702T.gdf
2135,7,2,3,RH,1,B0702T.gdf
2136,7,2,4,RH,1,B0702T.gdf
2137,7,2,5,LH,0,B0702T.gdf
2138,7,2,6,RH,1,B0702T.gdf
2139,7,2,7,LH,0,B0702T.gdf
2140,7,2,8,LH,0,B0702T.gdf
2141,7,2,9,RH,1,B0702T.gdf
2142,7,2,10,RH,1,B0702T.gdf
2143,7,2,11,RH,1,B0702T.gdf
2144,7,2,12,RH,1,B0702T.gdf
2145,7,2,13,LH,0,B0702T.gdf
2146,7,2,14,LH,0,B0702T.gdf
2147,7,2,15,RH,1,B0702T.gdf
2148,7,2,16,LH,0,B0702T.gdf
2149,7,2,17,RH,1,B0702T.gdf
2150,7,2,18,LH,0,B0702T.gdf
2151,7,2,19,LH,0,B0702T.gdf
2152,7,2,20,RH,1,B0702T.gdf
2153,7,2,21,LH,0,B0702T.gdf
2154,7,2,22,RH,1,B0702T.gdf
2155,7,2,23,RH,1,B0702T.gdf
2156,7,2,24,LH,0,B0702T.gdf
2157,7,2,25,LH,0,B0702T.gdf
2158,7,2,26,RH,1,B0702T.gdf
2159,7,2,27,RH,1,B0702T.gdf
2160,7,2,28,LH,0,B0702T.gdf
2161,7,2,29,LH,0,B0702T.gdf
2162,7,2,30,RH,1,B0702T.gdf
2163,7,2,31,LH,0,B0702T.gdf
2164,7,2,32,RH,1,B0702T.gdf
2165,7,2,33,LH,0,B0702T.gdf
2166,7,2,34,LH,0,B0702T.gdf
2167,7,2,35,RH,1,B0702T.gdf
2168,7,2,36,RH,1,B0702T.gdf
2169,7,2,37,LH,0,B0702T.gdf
2170,7,2,38,LH,0,B0702T.gdf
2171,7,2,39,RH,1,B0702T.gdf
2172,7,2,40,RH,1,B0702T.gdf
2173,7,2,41,LH,0,B0702T.gdf
2174,7,2,42,RH,1,B0702T.gdf
2175,7,2,43,RH,1,B0702T.gdf
2176,7,2,44,RH,1,B0702T.gdf
2177,7,2,45,LH,0,B0702T.gdf
2178,7,2,46,RH,1,B0702T.gdf
2179,7,2,47,RH,1,B0702T.gdf
2180,7,2,48,RH,1,B0702T.gdf
2181,7,2,49,LH,0,B0702T.gdf
2182,7,2,50,LH,0,B0702T.gdf
2183,7,2,51,LH,0,B0702T.gdf
2184,7,2,52,LH,0,B0702T.gdf
2185,7,2,53,LH,0,B0702T.gdf
2186,7,2,54,LH,0,B0702T.gdf
2187,7,2,55,RH,1,B0702T.gdf
2188,7,2,56,LH,0,B0702T.gdf
2189,7,2,57,RH,1,B0702T.gdf
2190,7,2,58,RH,1,B0702T.gdf
2191,7,2,59,LH,0,B0702T.gdf
2192,7,2,60,RH,1,B0702T.gdf
2193,7,2,64,LH,0,B0702T.gdf
2194,7,2,65,RH,1,B0702T.gdf
2195,7,2,66,LH,0,B0702T.gdf
2196,7,2,67,LH,0,B0702T.gdf
2197,7,2,68,RH,1,B0702T.gdf
2198,7,2,69,LH,0,B0702T.gdf
2199,7,2,70,RH,1,B0702T.gdf
2200,7,2,71,LH,0,B0702T.gdf
2201,7,2,72,RH,1,B0702T.gdf
2202,7,2,73,RH,1,B0702T.gdf
2203,7,2,75,LH,0,B0702T.gdf
2204,7,2,76,LH,0,B0702T.gdf
2205,7,2,77,RH,1,B0702T.gdf
2206,7,2,78,RH,1,B0702T.gdf
2207,7,2,79,RH,1,B0702T.gdf
2208,7,2,80,RH,1,B0702T.gdf
2209,7,2,81,LH,0,B0702T.gdf
2210,7,2,82,LH,0,B0702T.gdf
2211,7,2,83,RH,1,B0702T.gdf
2212,7,2,84,RH,1,B0702T.gdf
2213,7,2,85,RH,1,B0702T.gdf
2214,7,2,86,LH,0,B0702T.gdf
2215,7,2,87,LH,0,B0702T.gdf
2216,7,2,89,LH,0,B0702T.gdf
2217,7,2,90,LH,0,B0702T.gdf
2218,7,2,91,RH,1,B0702T.gdf
2219,7,2,92,RH,1,B0702T.gdf
2220,7,2,93,LH,0,B0702T.gdf
2221,7,2,95,LH,0,B0702T.gdf
2222,7,2,96,LH,0,B0702T.gdf
2223,7,2,97,RH,1,B0702T.gdf
2224,7,2,98,RH,1,B0702T.gdf
2225,7,2,99,RH,1,B0702T.gdf
2226,7,2,100,RH,1,B0702T.gdf
2227,7,2,101,LH,0,B0702T.gdf
2228,7,2,102,LH,0,B0702T.gdf
2229,7,2,103,LH,0,B0702T.gdf
2230,7,2,104,RH,1,B0702T.gdf
2231,7,2,105,LH,0,B0702T.gdf
2232,7,2,106,LH,0,B0702T.gdf
2233,7,2,108,RH,1,B0702T.gdf
2234,7,2,109,RH,1,B0702T.gdf
2235,7,2,110,RH,1,B0702T.gdf
2236,7,2,111,RH,1,B0702T.gdf
2237,7,2,112,LH,0,B0702T.gdf
2238,7,2,113,RH,1,B0702T.gdf
2239,7,2,114,RH,1,B0702T.gdf
2240,7,2,115,RH,1,B0702T.gdf
2241,7,2,116,LH,0,B0702T.gdf
2242,7,2,117,LH,0,B0702T.gdf
2243,7,2,118,LH,0,B0702T.gdf
2244,7,3,1,LH,0,B0703T.gdf
2245,7,3,2,LH,0,B0703T.gdf
2246,7,3,3,RH,1,B0703T.gdf
2247,7,3,4,RH,1,B0703T.gdf
2248,7,3,5,RH,1,B0703T.gdf
2249,7,3,6,RH,1,B0703T.gdf
2250,7,3,7,LH,0,B0703T.gdf
2251,7,3,8,RH,1,B0703T.gdf
2252,7,3,9,LH,0,B0703T.gdf
2253,7,3,10,LH,0,B0703T.gdf
2254,7,3,11,RH,1,B0703T.gdf
2255,7,3,12,RH,1,B0703T.gdf
2256,7,3,13,RH,1,B0703T.gdf
2257,7,3,14,LH,0,B0703T.gdf
2258,7,3,15,RH,1,B0703T.gdf
2259,7,3,16,RH,1,B0703T.gdf
2260,7,3,17,RH,1,B0703T.gdf
2261,7,3,18,LH,0,B0703T.gdf
2262,7,3,19,RH,1,B0703T.gdf
2263,7,3,20,LH,0,B0703T.gdf
2264,7,3,21,LH,0,B0703T.gdf
2265,7,3,22,LH,0,B0703T.gdf
2266,7,3,23,RH,1,B0703T.gdf
2267,7,3,24,RH,1,B0703T.gdf
2268,7,3,25,LH,0,B0703T.gdf
2269,7,3,26,LH,0,B0703T.gdf
2270,7,3,27,LH,0,B0703T.gdf
2271,7,3,28,LH,0,B0703T.gdf
2272,7,3,29,LH,0,B0703T.gdf
2273,7,3,30,LH,0,B0703T.gdf
2274,7,3,31,RH,1,B0703T.gdf
2275,7,3,32,RH,1,B0703T.gdf
2276,7,3,33,RH,1,B0703T.gdf
2277,7,3,34,RH,1,B0703T.gdf
2278,7,3,35,LH,0,B0703T.gdf
2279,7,3,36,LH,0,B0703T.gdf
2280,7,3,37,LH,0,B0703T.gdf
2281,7,3,38,RH,1,B0703T.gdf
2282,7,3,39,RH,1,B0703T.gdf
2283,7,3,40,LH,0,B0703T.gdf
2284,7,3,42,RH,1,B0703T.gdf
2285,7,3,43,RH,1,B0703T.gdf
2286,7,3,44,RH,1,B0703T.gdf
2287,7,3,45,LH,0,B0703T.gdf
2288,7,3,46,LH,0,B0703T.gdf
2289,7,3,47,RH,1,B0703T.gdf
2290,7,3,48,LH,0,B0703T.gdf
2291,7,3,49,RH,1,B0703T.gdf
2292,7,3,50,RH,1,B0703T.gdf
2293,7,3,51,RH,1,B0703T.gdf
2294,7,3,52,RH,1,B0703T.gdf
2295,7,3,54,LH,0,B0703T.gdf
2296,7,3,55,RH,1,B0703T.gdf
2297,7,3,56,LH,0,B0703T.gdf
2298,7,3,57,RH,1,B0703T.gdf
2299,7,3,59,LH,0,B0703T.gdf
2300,7,3,60,LH,0,B0703T.gdf
2301,7,3,61,LH,0,B0703T.gdf
2302,7,3,62,RH,1,B0703T.gdf
2303,7,3,63,LH,0,B0703T.gdf
2304,7,3,64,LH,0,B0703T.gdf
2305,7,3,65,LH,0,B0703T.gdf
2306,7,3,66,RH,1,B0703T.gdf
2307,7,3,67,LH,0,B0703T.gdf
2308,7,3,69,LH,0,B0703T.gdf
2309,7,3,70,RH,1,B0703T.gdf
2310,7,3,71,RH,1,B0703T.gdf
2311,7,3,72,RH,1,B0703T.gdf
2312,7,3,73,LH,0,B0703T.gdf
2313,7,3,74,RH,1,B0703T.gdf
2314,7,3,75,LH,0,B0703T.gdf
2315,7,3,76,LH,0,B0703T.gdf
2316,7,3,77,RH,1,B0703T.gdf
2317,7,3,78,LH,0,B0703T.gdf
2318,7,3,79,LH,0,B0703T.gdf
2319,7,3,80,RH,1,B0703T.gdf
2320,7,3,81,RH,1,B0703T.gdf
2321,7,3,82,LH,0,B0703T.gdf
2322,7,3,84,RH,1,B0703T.gdf
2323,7,3,85,RH,1,B0703T.gdf
2324,7,3,86,LH,0,B0703T.gdf
2325,7,3,87,LH,0,B0703T.gdf
2326,7,3,88,LH,0,B0703T.gdf
2327,7,3,89,RH,1,B0703T.gdf
2328,7,3,90,LH,0,B0703T.gdf
2329,7,3,91,LH,0,B0703T.gdf
2330,7,3,92,RH,1,B0703T.gdf
2331,7,3,94,RH,1,B0703T.gdf
2332,7,3,95,LH,0,B0703T.gdf
2333,7,3,96,LH,0,B0703T.gdf
2334,7,3,97,RH,1,B0703T.gdf
2335,7,3,98,RH,1,B0703T.gdf
2336,7,3,99,LH,0,B0703T.gdf
2337,7,3,100,RH,1,B0703T.gdf
2338,7,3,101,RH,1,B0703T.gdf
2339,7,3,102,RH,1,B0703T.gdf
2340,7,3,103,RH,1,B0703T.gdf
2341,7,3,104,LH,0,B0703T.gdf
2342,7,3,107,LH,0,B0703T.gdf
2343,7,3,108,LH,0,B0703T.gdf
2344,7,3,110,LH,0,B0703T.gdf
2345,7,3,111,RH,1,B0703T.gdf
2346,7,3,112,RH,1,B0703T.gdf
2347,7,3,113,RH,1,B0703T.gdf
2348,7,3,114,RH,1,B0703T.gdf
2349,7,3,115,LH,0,B0703T.gdf
2350,7,3,116,LH,0,B0703T.gdf
2351,7,3,117,LH,0,B0703T.gdf
2352,7,3,118,LH,0,B0703T.gdf
2353,7,3,120,RH,1,B0703T.gdf
2354,7,3,124,LH,0,B0703T.gdf
2355,7,3,125,RH,1,B0703T.gdf
2356,7,3,126,RH,1,B0703T.gdf
2357,7,3,127,RH,1,B0703T.gdf
2358,7,3,129,LH,0,B0703T.gdf
2359,7,3,130,RH,1,B0703T.gdf
2360,7,3,132,RH,1,B0703T.gdf
2361,7,3,133,RH,1,B0703T.gdf
2362,7,3,134,LH,0,B0703T.gdf
2363,7,3,136,LH,0,B0703T.gdf
2364,7,3,137,RH,1,B0703T.gdf
2365,7,3,138,LH,0,B0703T.gdf
2366,7,3,139,RH,1,B0703T.gdf
2367,7,3,140,LH,0,B0703T.gdf
2368,7,3,141,RH,1,B0703T.gdf
2369,7,3,142,LH,0,B0703T.gdf
2370,7,3,143,RH,1,B0703T.gdf
2371,7,3,144,RH,1,B0703T.gdf
2372,7,3,145,LH,0,B0703T.gdf
2373,7,3,146,LH,0,B0703T.gdf
2374,7,3,147,RH,1,B0703T.gdf
2375,7,3,151,RH,1,B0703T.gdf
2376,7,3,152,LH,0,B0703T.gdf
2377,7,3,153,RH,1,B0703T.gdf
2378,7,3,154,LH,0,B0703T.gdf
2379,7,3,155,LH,0,B0703T.gdf
2380,7,3,156,RH,1,B0703T.gdf
2381,7,3,157,LH,0,B0703T.gdf
2382,8,1,1,RH,1,B0801T.gdf
2383,8,1,2,LH,0,B0801T.gdf
2384,8,1,3,LH,0,B0801T.gdf
2385,8,1,4,RH,1,B0801T.gdf
2386,8,1,5,LH,0,B0801T.gdf
2387,8,1,6,LH,0,B0801T.gdf
2388,8,1,7,RH,1,B0801T.gdf
2389,8,1,8,LH,0,B0801T.gdf
2390,8,1,9,LH,0,B0801T.gdf
2391,8,1,10,RH,1,B0801T.gdf
2392,8,1,11,LH,0,B0801T.gdf
2393,8,1,12,RH,1,B0801T.gdf
2394,8,1,13,LH,0,B0801T.gdf
2395,8,1,14,LH,0,B0801T.gdf
2396,8,1,15,RH,1,B0801T.gdf
2397,8,1,19,RH,1,B0801T.gdf
2398,8,1,20,RH,1,B0801T.gdf
2399,8,1,22,RH,1,B0801T.gdf
2400,8,1,25,RH,1,B0801T.gdf
2401,8,1,27,RH,1,B0801T.gdf
2402,8,1,28,RH,1,B0801T.gdf
2403,8,1,29,RH,1,B0801T.gdf
2404,8,1,30,LH,0,B0801T.gdf
2405,8,1,31,LH,0,B0801T.gdf
2406,8,1,32,LH,0,B0801T.gdf
2407,8,1,33,LH,0,B0801T.gdf
2408,8,1,34,LH,0,B0801T.gdf
2409,8,1,35,RH,1,B0801T.gdf
2410,8,1,37,LH,0,B0801T.gdf
2411,8,1,38,LH,0,B0801T.gdf
2412,8,1,39,LH,0,B0801T.gdf
2413,8,1,40,RH,1,B0801T.gdf
2414,8,1,41,LH,0,B0801T.gdf
2415,8,1,42,RH,1,B0801T.gdf
2416,8,1,43,RH,1,B0801T.gdf
2417,8,1,44,LH,0,B0801T.gdf
2418,8,1,45,RH,1,B0801T.gdf
2419,8,1,46,LH,0,B0801T.gdf
2420,8,1,47,RH,1,B0801T.gdf
2421,8,1,48,RH,1,B0801T.gdf
2422,8,1,49,RH,1,B0801T.gdf
2423,8,1,50,LH,0,B0801T.gdf
2424,8,1,51,LH,0,B0801T.gdf
2425,8,1,52,LH,0,B0801T.gdf
2426,8,1,53,RH,1,B0801T.gdf
2427,8,1,54,RH,1,B0801T.gdf
2428,8,1,55,LH,0,B0801T.gdf
2429,8,1,56,LH,0,B0801T.gdf
2430,8,1,57,LH,0,B0801T.gdf
2431,8,1,58,RH,1,B0801T.gdf
2432,8,1,59,RH,1,B0801T.gdf
2433,8,1,60,LH,0,B0801T.gdf
2434,8,1,65,LH,0,B0801T.gdf
2435,8,1,66,RH,1,B0801T.gdf
2436,8,1,67,RH,1,B0801T.gdf
2437,8,1,68,RH,1,B0801T.gdf
2438,8,1,69,RH,1,B0801T.gdf
2439,8,1,70,LH,0,B0801T.gdf
2440,8,1,71,RH,1,B0801T.gdf
2441,8,1,73,LH,0,B0801T.gdf
2442,8,1,74,RH,1,B0801T.gdf
2443,8,1,75,LH,0,B0801T.gdf
2444,8,1,76,LH,0,B0801T.gdf
2445,8,1,78,LH,0,B0801T.gdf
2446,8,1,79,RH,1,B0801T.gdf
2447,8,1,80,LH,0,B0801T.gdf
2448,8,1,87,RH,1,B0801T.gdf
2449,8,1,88,LH,0,B0801T.gdf
2450,8,1,89,LH,0,B0801T.gdf
2451,8,1,90,RH,1,B0801T.gdf
2452,8,1,92,LH,0,B0801T.gdf
2453,8,1,93,RH,1,B0801T.gdf
2454,8,1,94,LH,0,B0801T.gdf
2455,8,1,95,LH,0,B0801T.gdf
2456,8,1,96,LH,0,B0801T.gdf
2457,8,1,97,RH,1,B0801T.gdf
2458,8,1,98,LH,0,B0801T.gdf
2459,8,1,99,LH,0,B0801T.gdf
2460,8,1,100,RH,1,B0801T.gdf
2461,8,1,103,LH,0,B0801T.gdf
2462,8,1,104,LH,0,B0801T.gdf
2463,8,1,105,LH,0,B0801T.gdf
2464,8,1,106,LH,0,B0801T.gdf
2465,8,1,107,RH,1,B0801T.gdf
2466,8,1,108,RH,1,B0801T.gdf
2467,8,1,109,LH,0,B0801T.gdf
2468,8,1,110,LH,0,B0801T.gdf
2469,8,1,111,RH,1,B0801T.gdf
2470,8,1,112,LH,0,B0801T.gdf
2471,8,1,114,LH,0,B0801T.gdf
2472,8,1,115,LH,0,B0801T.gdf
2473,8,1,116,LH,0,B0801T.gdf
2474,8,1,117,RH,1,B0801T.gdf
2475,8,1,119,RH,1,B0801T.gdf
2476,8,1,120,RH,1,B0801T.gdf
2477,8,1,121,LH,0,B0801T.gdf
2478,8,1,122,LH,0,B0801T.gdf
2479,8,1,123,LH,0,B0801T.gdf
2480,8,1,124,RH,1,B0801T.gdf
2481,8,1,125,LH,0,B0801T.gdf
2482,8,1,126,LH,0,B0801T.gdf
2483,8,1,127,LH,0,B0801T.gdf
2484,8,1,128,RH,1,B0801T.gdf
2485,8,1,129,LH,0,B0801T.gdf
2486,8,1,130,RH,1,B0801T.gdf
2487,8,1,131,LH,0,B0801T.gdf
2488,8,1,132,LH,0,B0801T.gdf
2489,8,1,133,RH,1,B0801T.gdf
2490,8,1,134,RH,1,B0801T.gdf
2491,8,1,135,RH,1,B0801T.gdf
2492,8,1,136,RH,1,B0801T.gdf
2493,8,1,137,LH,0,B0801T.gdf
2494,8,1,140,RH,1,B0801T.gdf
2495,8,1,141,LH,0,B0801T.gdf
2496,8,1,142,RH,1,B0801T.gdf
2497,8,1,143,LH,0,B0801T.gdf
2498,8,1,144,LH,0,B0801T.gdf
2499,8,1,145,RH,1,B0801T.gdf
2500,8,1,147,RH,1,B0801T.gdf
2501,8,1,148,LH,0,B0801T.gdf
2502,8,1,149,LH,0,B0801T.gdf
2503,8,1,150,RH,1,B0801T.gdf
2504,8,1,151,RH,1,B0801T.gdf
2505,8,1,152,RH,1,B0801T.gdf
2506,8,1,153,LH,0,B0801T.gdf
2507,8,1,154,RH,1,B0801T.gdf
2508,8,1,155,LH,0,B0801T.gdf
2509,8,1,156,LH,0,B0801T.gdf
2510,8,1,157,LH,0,B0801T.gdf
2511,8,1,158,LH,0,B0801T.gdf
2512,8,1,159,RH,1,B0801T.gdf
2513,8,1,160,RH,1,B0801T.gdf
2514,8,2,1,RH,1,B0802T.gdf
2515,8,2,2,LH,0,B0802T.gdf
2516,8,2,5,LH,0,B0802T.gdf
2517,8,2,7,RH,1,B0802T.gdf
2518,8,2,8,LH,0,B0802T.gdf
2519,8,2,9,LH,0,B0802T.gdf
2520,8,2,11,LH,0,B0802T.gdf
2521,8,2,12,RH,1,B0802T.gdf
2522,8,2,13,LH,0,B0802T.gdf
2523,8,2,14,LH,0,B0802T.gdf
2524,8,2,15,RH,1,B0802T.gdf
2525,8,2,17,LH,0,B0802T.gdf
2526,8,2,19,RH,1,B0802T.gdf
2527,8,2,20,RH,1,B0802T.gdf
2528,8,2,21,LH,0,B0802T.gdf
2529,8,2,23,RH,1,B0802T.gdf
2530,8,2,24,RH,1,B0802T.gdf
2531,8,2,25,RH,1,B0802T.gdf
2532,8,2,26,RH,1,B0802T.gdf
2533,8,2,27,RH,1,B0802T.gdf
2534,8,2,28,RH,1,B0802T.gdf
2535,8,2,29,RH,1,B0802T.gdf
2536,8,2,30,LH,0,B0802T.gdf
2537,8,2,32,LH,0,B0802T.gdf
2538,8,2,33,LH,0,B0802T.gdf
2539,8,2,34,LH,0,B0802T.gdf
2540,8,2,36,LH,0,B0802T.gdf
2541,8,2,38,LH,0,B0802T.gdf
2542,8,2,39,LH,0,B0802T.gdf
2543,8,2,40,RH,1,B0802T.gdf
2544,8,2,42,RH,1,B0802T.gdf
2545,8,2,45,RH,1,B0802T.gdf
2546,8,2,46,LH,0,B0802T.gdf
2547,8,2,48,RH,1,B0802T.gdf
2548,8,2,49,RH,1,B0802T.gdf
2549,8,2,50,LH,0,B0802T.gdf
2550,8,2,51,LH,0,B0802T.gdf
2551,8,2,53,RH,1,B0802T.gdf
2552,8,2,54,RH,1,B0802T.gdf
2553,8,2,56,LH,0,B0802T.gdf
2554,8,2,57,LH,0,B0802T.gdf
2555,8,2,58,RH,1,B0802T.gdf
2556,8,2,59,RH,1,B0802T.gdf
2557,8,2,60,LH,0,B0802T.gdf
2558,8,2,61,LH,0,B0802T.gdf
2559,8,2,62,RH,1,B0802T.gdf
2560,8,2,63,LH,0,B0802T.gdf
2561,8,2,64,LH,0,B0802T.gdf
2562,8,2,65,LH,0,B0802T.gdf
2563,8,2,66,RH,1,B0802T.gdf
2564,8,2,67,RH,1,B0802T.gdf
2565,8,2,68,RH,1,B0802T.gdf
2566,8,2,69,RH,1,B0802T.gdf
2567,8,2,70,LH,0,B0802T.gdf
2568,8,2,72,RH,1,B0802T.gdf
2569,8,2,73,LH,0,B0802T.gdf
2570,8,2,75,LH,0,B0802T.gdf
2571,8,2,76,LH,0,B0802T.gdf
2572,8,2,78,LH,0,B0802T.gdf
2573,8,2,80,LH,0,B0802T.gdf
2574,8,2,84,RH,1,B0802T.gdf
2575,8,2,86,RH,1,B0802T.gdf
2576,8,2,88,LH,0,B0802T.gdf
2577,8,2,90,RH,1,B0802T.gdf
2578,8,2,91,LH,0,B0802T.gdf
2579,8,2,92,LH,0,B0802T.gdf
2580,8,2,93,RH,1,B0802T.gdf
2581,8,2,94,LH,0,B0802T.gdf
2582,8,2,95,LH,0,B0802T.gdf
2583,8,2,96,LH,0,B0802T.gdf
2584,8,2,97,RH,1,B0802T.gdf
2585,8,2,98,LH,0,B0802T.gdf
2586,8,2,99,LH,0,B0802T.gdf
2587,8,2,100,RH,1,B0802T.gdf
2588,8,2,101,RH,1,B0802T.gdf
2589,8,2,102,RH,1,B0802T.gdf
2590,8,2,103,LH,0,B0802T.gdf
2591,8,2,104,LH,0,B0802T.gdf
2592,8,2,105,LH,0,B0802T.gdf
2593,8,2,106,LH,0,B0802T.gdf
2594,8,2,107,RH,1,B0802T.gdf
2595,8,2,110,LH,0,B0802T.gdf
2596,8,2,112,LH,0,B0802T.gdf
2597,8,2,114,LH,0,B0802T.gdf
2598,8,2,115,LH,0,B0802T.gdf
2599,8,2,116,LH,0,B0802T.gdf
2600,8,2,117,RH,1,B0802T.gdf
2601,8,2,118,RH,1,B0802T.gdf
2602,8,2,119,RH,1,B0802T.gdf
2603,8,2,120,RH,1,B0802T.gdf
2604,8,3,1,LH,0,B0803T.gdf
2605,8,3,2,RH,1,B0803T.gdf
2606,8,3,3,RH,1,B0803T.gdf
2607,8,3,5,RH,1,B0803T.gdf
2608,8,3,6,RH,1,B0803T.gdf
2609,8,3,7,RH,1,B0803T.gdf
2610,8,3,9,RH,1,B0803T.gdf
2611,8,3,11,LH,0,B0803T.gdf
2612,8,3,12,LH,0,B0803T.gdf
2613,8,3,13,LH,0,B0803T.gdf
2614,8,3,14,RH,1,B0803T.gdf
2615,8,3,16,RH,1,B0803T.gdf
2616,8,3,18,LH,0,B0803T.gdf
2617,8,3,20,LH,0,B0803T.gdf
2618,8,3,21,LH,0,B0803T.gdf
2619,8,3,24,LH,0,B0803T.gdf
2620,8,3,25,RH,1,B0803T.gdf
2621,8,3,26,LH,0,B0803T.gdf
2622,8,3,29,RH,1,B0803T.gdf
2623,8,3,30,RH,1,B0803T.gdf
2624,8,3,31,RH,1,B0803T.gdf
2625,8,3,32,LH,0,B0803T.gdf
2626,8,3,34,RH,1,B0803T.gdf
2627,8,3,35,LH,0,B0803T.gdf
2628,8,3,36,LH,0,B0803T.gdf
2629,8,3,37,RH,1,B0803T.gdf
2630,8,3,39,LH,0,B0803T.gdf
2631,8,3,40,LH,0,B0803T.gdf
2632,8,3,42,LH,0,B0803T.gdf
2633,8,3,45,LH,0,B0803T.gdf
2634,8,3,46,RH,1,B0803T.gdf
2635,8,3,47,LH,0,B0803T.gdf
2636,8,3,50,LH,0,B0803T.gdf
2637,8,3,51,RH,1,B0803T.gdf
2638,8,3,53,RH,1,B0803T.gdf
2639,8,3,54,RH,1,B0803T.gdf
2640,8,3,55,RH,1,B0803T.gdf
2641,8,3,56,LH,0,B0803T.gdf
2642,8,3,60,RH,1,B0803T.gdf
2643,8,3,62,LH,0,B0803T.gdf
2644,8,3,63,RH,1,B0803T.gdf
2645,8,3,64,LH,0,B0803T.gdf
2646,8,3,65,LH,0,B0803T.gdf
2647,8,3,67,LH,0,B0803T.gdf
2648,8,3,68,LH,0,B0803T.gdf
2649,8,3,69,RH,1,B0803T.gdf
2650,8,3,70,RH,1,B0803T.gdf
2651,8,3,71,RH,1,B0803T.gdf
2652,8,3,73,LH,0,B0803T.gdf
2653,8,3,74,LH,0,B0803T.gdf
2654,8,3,75,LH,0,B0803T.gdf
2655,8,3,77,RH,1,B0803T.gdf
2656,8,3,78,LH,0,B0803T.gdf
2657,8,3,80,LH,0,B0803T.gdf
2658,8,3,83,LH,0,B0803T.gdf
2659,8,3,85,LH,0,B0803T.gdf
2660,8,3,86,RH,1,B0803T.gdf
2661,8,3,89,LH,0,B0803T.gdf
2662,8,3,90,RH,1,B0803T.gdf
2663,8,3,92,LH,0,B0803T.gdf
2664,8,3,94,LH,0,B0803T.gdf
2665,8,3,96,LH,0,B0803T.gdf
2666,8,3,97,RH,1,B0803T.gdf
2667,8,3,98,LH,0,B0803T.gdf
2668,8,3,100,LH,0,B0803T.gdf
2669,8,3,101,LH,0,B0803T.gdf
2670,8,3,102,LH,0,B0803T.gdf
2671,8,3,103,RH,1,B0803T.gdf
2672,8,3,106,LH,0,B0803T.gdf
2673,8,3,107,RH,1,B0803T.gdf
2674,8,3,108,LH,0,B0803T.gdf
2675,8,3,109,RH,1,B0803T.gdf
2676,8,3,110,LH,0,B0803T.gdf
2677,8,3,111,RH,1,B0803T.gdf
2678,8,3,112,RH,1,B0803T.gdf
2679,8,3,113,RH,1,B0803T.gdf
2680,8,3,114,RH,1,B0803T.gdf
2681,8,3,115,RH,1,B0803T.gdf
2682,8,3,116,LH,0,B0803T.gdf
2683,8,3,117,RH,1,B0803T.gdf
2684,8,3,118,RH,1,B0803T.gdf
2685,8,3,121,RH,1,B0803T.gdf
2686,8,3,122,LH,0,B0803T.gdf
2687,8,3,123,RH,1,B0803T.gdf
2688,8,3,125,LH,0,B0803T.gdf
2689,8,3,127,LH,0,B0803T.gdf
2690,8,3,128,LH,0,B0803T.gdf
2691,8,3,131,LH,0,B0803T.gdf
2692,8,3,133,RH,1,B0803T.gdf
2693,8,3,134,RH,1,B0803T.gdf
2694,8,3,138,LH,0,B0803T.gdf
2695,8,3,143,RH,1,B0803T.gdf
2696,8,3,144,LH,0,B0803T.gdf
2697,8,3,145,RH,1,B0803T.gdf
2698,8,3,146,LH,0,B0803T.gdf
2699,8,3,147,RH,1,B0803T.gdf
2700,8,3,149,RH,1,B0803T.gdf
2701,8,3,150,LH,0,B0803T.gdf
2702,8,3,151,RH,1,B0803T.gdf
2703,8,3,152,LH,0,B0803T.gdf
2704,8,3,154,LH,0,B0803T.gdf
2705,8,3,155,RH,1,B0803T.gdf
2706,8,3,156,RH,1,B0803T.gdf
2707,8,3,157,RH,1,B0803T.gdf
2708,8,3,159,RH,1,B0803T.gdf
2709,8,3,160,RH,1,B0803T.gdf
2710,9,1,3,RH,1,B0901T.gdf
2711,9,1,4,LH,0,B0901T.gdf
2712,9,1,5,RH,1,B0901T.gdf
2713,9,1,6,RH,1,B0901T.gdf
2714,9,1,7,LH,0,B0901T.gdf
2715,9,1,8,RH,1,B0901T.gdf
2716,9,1,9,RH,1,B0901T.gdf
2717,9,1,10,LH,0,B0901T.gdf
2718,9,1,11,RH,1,B0901T.gdf
2719,9,1,12,LH,0,B0901T.gdf
2720,9,1,13,LH,0,B0901T.gdf
2721,9,1,14,RH,1,B0901T.gdf
2722,9,1,16,RH,1,B0901T.gdf
2723,9,1,17,RH,1,B0901T.gdf
2724,9,1,19,LH,0,B0901T.gdf
2725,9,1,20,RH,1,B0901T.gdf
2726,9,1,21,LH,0,B0901T.gdf
2727,9,1,22,LH,0,B0901T.gdf
2728,9,1,23,RH,1,B0901T.gdf
2729,9,1,24,RH,1,B0901T.gdf
2730,9,1,25,RH,1,B0901T.gdf
2731,9,1,26,LH,0,B0901T.gdf
2732,9,1,27,LH,0,B0901T.gdf
2733,9,1,28,RH,1,B0901T.gdf
2734,9,1,29,RH,1,B0901T.gdf
2735,9,1,30,LH,0,B0901T.gdf
2736,9,1,34,LH,0,B0901T.gdf
2737,9,1,35,LH,0,B0901T.gdf
2738,9,1,36,RH,1,B0901T.gdf
2739,9,1,37,RH,1,B0901T.gdf
2740,9,1,38,LH,0,B0901T.gdf
2741,9,1,42,LH,0,B0901T.gdf
2742,9,1,43,LH,0,B0901T.gdf
2743,9,1,44,LH,0,B0901T.gdf
2744,9,1,45,LH,0,B0901T.gdf
2745,9,1,46,LH,0,B0901T.gdf
2746,9,1,47,RH,1,B0901T.gdf
2747,9,1,48,LH,0,B0901T.gdf
2748,9,1,49,RH,1,B0901T.gdf
2749,9,1,50,LH,0,B0901T.gdf
2750,9,1,55,RH,1,B0901T.gdf
2751,9,1,57,RH,1,B0901T.gdf
2752,9,1,58,RH,1,B0901T.gdf
2753,9,1,59,LH,0,B0901T.gdf
2754,9,1,62,RH,1,B0901T.gdf
2755,9,1,63,LH,0,B0901T.gdf
2756,9,1,65,RH,1,B0901T.gdf
2757,9,1,66,RH,1,B0901T.gdf
2758,9,1,67,RH,1,B0901T.gdf
2759,9,1,68,RH,1,B0901T.gdf
2760,9,1,69,RH,1,B0901T.gdf
2761,9,1,70,RH,1,B0901T.gdf
2762,9,1,71,RH,1,B0901T.gdf
2763,9,1,75,LH,0,B0901T.gdf
2764,9,1,76,LH,0,B0901T.gdf
2765,9,1,77,RH,1,B0901T.gdf
2766,9,1,79,LH,0,B0901T.gdf
2767,9,1,80,LH,0,B0901T.gdf
2768,9,1,82,LH,0,B0901T.gdf
2769,9,1,83,RH,1,B0901T.gdf
2770,9,1,84,LH,0,B0901T.gdf
2771,9,1,85,RH,1,B0901T.gdf
2772,9,1,86,LH,0,B0901T.gdf
2773,9,1,87,LH,0,B0901T.gdf
2774,9,1,88,RH,1,B0901T.gdf
2775,9,1,89,LH,0,B0901T.gdf
2776,9,1,90,LH,0,B0901T.gdf
2777,9,1,92,RH,1,B0901T.gdf
2778,9,1,94,RH,1,B0901T.gdf
2779,9,1,95,LH,0,B0901T.gdf
2780,9,1,96,LH,0,B0901T.gdf
2781,9,1,97,RH,1,B0901T.gdf
2782,9,1,98,RH,1,B0901T.gdf
2783,9,1,99,RH,1,B0901T.gdf
2784,9,1,100,RH,1,B0901T.gdf
2785,9,1,101,RH,1,B0901T.gdf
2786,9,1,102,RH,1,B0901T.gdf
2787,9,1,103,LH,0,B0901T.gdf
2788,9,1,105,LH,0,B0901T.gdf
2789,9,1,106,RH,1,B0901T.gdf
2790,9,1,107,LH,0,B0901T.gdf
2791,9,1,108,LH,0,B0901T.gdf
2792,9,1,109,LH,0,B0901T.gdf
2793,9,1,111,RH,1,B0901T.gdf
2794,9,1,113,RH,1,B0901T.gdf
2795,9,1,114,LH,0,B0901T.gdf
2796,9,1,115,RH,1,B0901T.gdf
2797,9,1,116,LH,0,B0901T.gdf
2798,9,1,117,LH,0,B0901T.gdf
2799,9,1,118,RH,1,B0901T.gdf
2800,9,1,120,RH,1,B0901T.gdf
2801,9,2,2,LH,0,B0902T.gdf
2802,9,2,3,LH,0,B0902T.gdf
2803,9,2,5,LH,0,B0902T.gdf
2804,9,2,6,LH,0,B0902T.gdf
2805,9,2,7,RH,1,B0902T.gdf
2806,9,2,9,LH,0,B0902T.gdf
2807,9,2,10,RH,1,B0902T.gdf
2808,9,2,12,RH,1,B0902T.gdf
2809,9,2,13,LH,0,B0902T.gdf
2810,9,2,14,LH,0,B0902T.gdf
2811,9,2,15,RH,1,B0902T.gdf
2812,9,2,16,RH,1,B0902T.gdf
2813,9,2,17,LH,0,B0902T.gdf
2814,9,2,18,RH,1,B0902T.gdf
2815,9,2,19,RH,1,B0902T.gdf
2816,9,2,20,RH,1,B0902T.gdf
2817,9,2,21,LH,0,B0902T.gdf
2818,9,2,22,RH,1,B0902T.gdf
2819,9,2,25,RH,1,B0902T.gdf
2820,9,2,26,RH,1,B0902T.gdf
2821,9,2,27,RH,1,B0902T.gdf
2822,9,2,28,RH,1,B0902T.gdf
2823,9,2,29,RH,1,B0902T.gdf
2824,9,2,30,LH,0,B0902T.gdf
2825,9,2,31,LH,0,B0902T.gdf
2826,9,2,32,LH,0,B0902T.gdf
2827,9,2,33,LH,0,B0902T.gdf
2828,9,2,34,LH,0,B0902T.gdf
2829,9,2,35,RH,1,B0902T.gdf
2830,9,2,36,LH,0,B0902T.gdf
2831,9,2,37,LH,0,B0902T.gdf
2832,9,2,38,LH,0,B0902T.gdf
2833,9,2,39,LH,0,B0902T.gdf
2834,9,2,40,RH,1,B0902T.gdf
2835,9,2,42,RH,1,B0902T.gdf
2836,9,2,43,RH,1,B0902T.gdf
2837,9,2,44,LH,0,B0902T.gdf
2838,9,2,45,RH,1,B0902T.gdf
2839,9,2,46,LH,0,B0902T.gdf
2840,9,2,47,RH,1,B0902T.gdf
2841,9,2,49,RH,1,B0902T.gdf
2842,9,2,52,LH,0,B0902T.gdf
2843,9,2,54,RH,1,B0902T.gdf
2844,9,2,55,LH,0,B0902T.gdf
2845,9,2,57,LH,0,B0902T.gdf
2846,9,2,58,RH,1,B0902T.gdf
2847,9,2,59,RH,1,B0902T.gdf
2848,9,2,60,LH,0,B0902T.gdf
2849,9,2,61,LH,0,B0902T.gdf
2850,9,2,62,RH,1,B0902T.gdf
2851,9,2,63,LH,0,B0902T.gdf
2852,9,2,65,LH,0,B0902T.gdf
2853,9,2,67,RH,1,B0902T.gdf
2854,9,2,68,RH,1,B0902T.gdf
2855,9,2,70,LH,0,B0902T.gdf
2856,9,2,71,RH,1,B0902T.gdf
2857,9,2,73,LH,0,B0902T.gdf
2858,9,2,74,RH,1,B0902T.gdf
2859,9,2,78,LH,0,B0902T.gdf
2860,9,2,79,RH,1,B0902T.gdf
2861,9,2,80,LH,0,B0902T.gdf
2862,9,2,81,LH,0,B0902T.gdf
2863,9,2,82,RH,1,B0902T.gdf
2864,9,2,83,RH,1,B0902T.gdf
2865,9,2,84,RH,1,B0902T.gdf
2866,9,2,85,RH,1,B0902T.gdf
2867,9,2,86,RH,1,B0902T.gdf
2868,9,2,87,RH,1,B0902T.gdf
2869,9,2,88,LH,0,B0902T.gdf
2870,9,2,89,LH,0,B0902T.gdf
2871,9,2,90,RH,1,B0902T.gdf
2872,9,2,91,LH,0,B0902T.gdf
2873,9,2,92,LH,0,B0902T.gdf
2874,9,2,93,RH,1,B0902T.gdf
2875,9,2,94,LH,0,B0902T.gdf
2876,9,2,96,LH,0,B0902T.gdf
2877,9,2,97,RH,1,B0902T.gdf
2878,9,2,98,LH,0,B0902T.gdf
2879,9,2,102,RH,1,B0902T.gdf
2880,9,2,103,LH,0,B0902T.gdf
2881,9,2,104,LH,0,B0902T.gdf
2882,9,2,105,LH,0,B0902T.gdf
2883,9,2,106,LH,0,B0902T.gdf
2884,9,2,107,RH,1,B0902T.gdf
2885,9,2,108,RH,1,B0902T.gdf
2886,9,2,109,LH,0,B0902T.gdf
2887,9,2,111,RH,1,B0902T.gdf
2888,9,2,112,LH,0,B0902T.gdf
2889,9,2,113,RH,1,B0902T.gdf
2890,9,2,119,RH,1,B0902T.gdf
2891,9,2,120,RH,1,B0902T.gdf
2892,9,3,1,RH,1,B0903T.gdf
2893,9,3,3,LH,0,B0903T.gdf
2894,9,3,4,RH,1,B0903T.gdf
2895,9,3,5,LH,0,B0903T.gdf
2896,9,3,6,LH,0,B0903T.gdf
2897,9,3,7,LH,0,B0903T.gdf
2898,9,3,8,RH,1,B0903T.gdf
2899,9,3,9,LH,0,B0903T.gdf
2900,9,3,10,LH,0,B0903T.gdf
2901,9,3,12,RH,1,B0903T.gdf
2902,9,3,13,RH,1,B0903T.gdf
2903,9,3,14,LH,0,B0903T.gdf
2904,9,3,15,RH,1,B0903T.gdf
2905,9,3,16,RH,1,B0903T.gdf
2906,9,3,18,LH,0,B0903T.gdf
2907,9,3,22,LH,0,B0903T.gdf
2908,9,3,23,RH,1,B0903T.gdf
2909,9,3,24,RH,1,B0903T.gdf
2910,9,3,25,RH,1,B0903T.gdf
2911,9,3,26,LH,0,B0903T.gdf
2912,9,3,27,LH,0,B0903T.gdf
2913,9,3,28,LH,0,B0903T.gdf
2914,9,3,29,LH,0,B0903T.gdf
2915,9,3,30,LH,0,B0903T.gdf
2916,9,3,31,RH,1,B0903T.gdf
2917,9,3,32,RH,1,B0903T.gdf
2918,9,3,33,RH,1,B0903T.gdf
2919,9,3,34,LH,0,B0903T.gdf
2920,9,3,35,LH,0,B0903T.gdf
2921,9,3,36,RH,1,B0903T.gdf
2922,9,3,38,LH,0,B0903T.gdf
2923,9,3,39,LH,0,B0903T.gdf
2924,9,3,40,RH,1,B0903T.gdf
2925,9,3,46,LH,0,B0903T.gdf
2926,9,3,48,RH,1,B0903T.gdf
2927,9,3,49,RH,1,B0903T.gdf
2928,9,3,50,LH,0,B0903T.gdf
2929,9,3,51,LH,0,B0903T.gdf
2930,9,3,52,LH,0,B0903T.gdf
2931,9,3,53,LH,0,B0903T.gdf
2932,9,3,54,LH,0,B0903T.gdf
2933,9,3,55,LH,0,B0903T.gdf
2934,9,3,56,LH,0,B0903T.gdf
2935,9,3,57,RH,1,B0903T.gdf
2936,9,3,58,RH,1,B0903T.gdf
2937,9,3,59,RH,1,B0903T.gdf
2938,9,3,60,RH,1,B0903T.gdf
2939,9,3,61,RH,1,B0903T.gdf
2940,9,3,62,LH,0,B0903T.gdf
2941,9,3,63,LH,0,B0903T.gdf
2942,9,3,64,RH,1,B0903T.gdf
2943,9,3,67,RH,1,B0903T.gdf
2944,9,3,68,LH,0,B0903T.gdf
2945,9,3,69,LH,0,B0903T.gdf
2946,9,3,70,LH,0,B0903T.gdf
2947,9,3,71,LH,0,B0903T.gdf
2948,9,3,72,RH,1,B0903T.gdf
2949,9,3,73,RH,1,B0903T.gdf
2950,9,3,74,RH,1,B0903T.gdf
2951,9,3,75,RH,1,B0903T.gdf
2952,9,3,76,RH,1,B0903T.gdf
2953,9,3,77,LH,0,B0903T.gdf
2954,9,3,78,RH,1,B0903T.gdf
2955,9,3,79,RH,1,B0903T.gdf
2956,9,3,80,LH,0,B0903T.gdf
2957,9,3,81,LH,0,B0903T.gdf
2958,9,3,82,LH,0,B0903T.gdf
2959,9,3,84,LH,0,B0903T.gdf
2960,9,3,85,LH,0,B0903T.gdf
2961,9,3,86,LH,0,B0903T.gdf
2962,9,3,87,RH,1,B0903T.gdf
2963,9,3,88,LH,0,B0903T.gdf
2964,9,3,89,RH,1,B0903T.gdf
2965,9,3,90,LH,0,B0903T.gdf
2966,9,3,91,RH,1,B0903T.gdf
2967,9,3,92,RH,1,B0903T.gdf
2968,9,3,93,LH,0,B0903T.gdf
2969,9,3,94,LH,0,B0903T.gdf
2970,9,3,95,RH,1,B0903T.gdf
2971,9,3,96,RH,1,B0903T.gdf
2972,9,3,98,RH,1,B0903T.gdf
2973,9,3,99,LH,0,B0903T.gdf
2974,9,3,100,LH,0,B0903T.gdf
2975,9,3,101,LH,0,B0903T.gdf
2976,9,3,102,LH,0,B0903T.gdf
2977,9,3,103,RH,1,B0903T.gdf
2978,9,3,104,LH,0,B0903T.gdf
2979,9,3,105,LH,0,B0903T.gdf
2980,9,3,106,RH,1,B0903T.gdf
2981,9,3,109,LH,0,B0903T.gdf
2982,9,3,111,RH,1,B0903T.gdf
2983,9,3,112,RH,1,B0903T.gdf
2984,9,3,113,RH,1,B0903T.gdf
2985,9,3,114,RH,1,B0903T.gdf
2986,9,3,115,RH,1,B0903T.gdf
2987,9,3,116,RH,1,B0903T.gdf
2988,9,3,117,LH,0,B0903T.gdf
2989,9,3,118,RH,1,B0903T.gdf
2990,9,3,119,RH,1,B0903T.gdf
2991,9,3,121,RH,1,B0903T.gdf
2992,9,3,122,LH,0,B0903T.gdf
2993,9,3,123,RH,1,B0903T.gdf
2994,9,3,124,RH,1,B0903T.gdf
2995,9,3,125,LH,0,B0903T.gdf
2996,9,3,126,RH,1,B0903T.gdf
2997,9,3,127,LH,0,B0903T.gdf
2998,9,3,128,RH,1,B0903T.gdf
2999,9,3,129,RH,1,B0903T.gdf
3000,9,3,130,RH,1,B0903T.gdf
3001,9,3,131,LH,0,B0903T.gdf
3002,9,3,133,LH,0,B0903T.gdf
3003,9,3,134,LH,0,B0903T.gdf
3004,9,3,135,LH,0,B0903T.gdf
3005,9,3,136,RH,1,B0903T.gdf
3006,9,3,137,LH,0,B0903T.gdf
3007,9,3,138,LH,0,B0903T.gdf
3008,9,3,139,LH,0,B0903T.gdf
3009,9,3,140,LH,0,B0903T.gdf
3010,9,3,141,RH,1,B0903T.gdf
3011,9,3,142,RH,1,B0903T.gdf
3012,9,3,144,LH,0,B0903T.gdf
3013,9,3,146,LH,0,B0903T.gdf
3014,9,3,147,RH,1,B0903T.gdf
3015,9,3,148,LH,0,B0903T.gdf
3016,9,3,149,RH,1,B0903T.gdf
3017,9,3,150,RH,1,B0903T.gdf
3018,9,3,151,RH,1,B0903T.gdf
3019,9,3,152,RH,1,B0903T.gdf
3020,9,3,153,LH,0,B0903T.gdf
3021,9,3,154,RH,1,B0903T.gdf
3022,9,3,156,LH,0,B0903T.gdf
3023,9,3,157,RH,1,B0903T.gdf
3024,9,3,158,RH,1,B0903T.gdf
3025,9,3,159,LH,0,B0903T.gdf
3026,9,3,160,LH,0,B0903T.gdf
